,index,id,observed_on_string,observed_on,time_observed_at,time_zone,user_id,user_login,created_at,updated_at,quality_grade,license,url,image_url,sound_url,tag_list,description,num_identification_agreements,num_identification_disagreements,captive_cultivated,oauth_application_id,place_guess,latitude,longitude,positional_accuracy,private_place_guess,private_latitude,private_longitude,public_positional_accuracy,geoprivacy,taxon_geoprivacy,coordinates_obscured,positioning_method,positioning_device,species_guess,scientific_name,common_name,iconic_taxon_name,taxon_id
0,983,101065795,2021/11/10 4:20 PM UTC,2021-11-10,2021-11-10 16:20:00 UTC,UTC,5181408,e0324789xinyi21,2021-11-14 03:42:30 UTC,2021-11-15 08:27:36 UTC,research,CC-BY-NC,https://www.inaturalist.org/observations/101065795,https://inaturalist-open-data.s3.amazonaws.com/photos/168740493/medium.jpeg,,,"A pair of yellow vented bulbul adults perching on a bamboo branch. It has a prominent white supercilium contrasting its dark crown. Its vent is yellow. It also has a black eye-stripe and a black bill. It has brown remiges and rectrices, with a lighter coloured belly. Indeterminate sex, they generally do not show sexual dimorphism, although females can be smaller in size.",11,0,False,,"1 Cluny Rd, Singapore 259569",1.3138397,103.8159136,1565.0,,,,1565.0,,open,False,,,Yellow-vented Bulbul,Pycnonotus goiavier,Yellow-vented Bulbul,Aves,14623
1,1092,104576342,2022/01/08 4:37 PM UTC,2022-01-08,2022-01-08 16:37:00 UTC,UTC,4609202,gunwinger,2022-01-08 14:21:53 UTC,2022-01-08 14:29:48 UTC,research,CC-BY-NC,https://www.inaturalist.org/observations/104576342,https://inaturalist-open-data.s3.amazonaws.com/photos/175257401/medium.jpg,,,,2,0,False,,"Tanglin, Singapore",1.3116201216,103.8133774731,8.0,,,,8.0,,open,False,,,Yellow-vented Bulbul,Pycnonotus goiavier,Yellow-vented Bulbul,Aves,14623
2,343,66373247,2020/11/28 4:38 PM +0800,2020-11-28,2020-11-28 08:38:00 UTC,Singapore,651850,patricialorenz,2020-12-10 13:45:20 UTC,2020-12-11 02:33:41 UTC,research,CC-BY-NC,https://www.inaturalist.org/observations/66373247,https://inaturalist-open-data.s3.amazonaws.com/photos/106984826/medium.jpeg,,,,3,0,False,,"Tampines Eco Green, Singapore",1.3638614064,103.9482714306,274.0,,,,274.0,,open,False,,,Yellow-vented Bulbul,Pycnonotus goiavier,Yellow-vented Bulbul,Aves,14623
3,372,67560894,Mon Jan 04 2021 14:15:23 GMT+0800 (GMT+8),2021-01-04,2021-01-04 06:15:23 UTC,Australia/Perth,49977,gccoffman,2021-01-04 07:41:09 UTC,2021-01-06 06:44:05 UTC,research,CC-BY-NC,https://www.inaturalist.org/observations/67560894,https://inaturalist-open-data.s3.amazonaws.com/photos/109184945/medium.jpg,,,This bird flew all the way up to the 21st story of my apartment building balcony today! Imressive. ,3,0,False,3.0,"Clementi Road, West Coast, Singapore, SG",1.3020089195,103.7694395539,24.0,,,,24.0,,open,False,,,Yellow-vented Bulbul,Pycnonotus goiavier,Yellow-vented Bulbul,Aves,14623
4,463,70992808,2021/03/10 6:03 PM UTC,2021-03-10,2021-03-10 18:03:00 UTC,UTC,4002120,foozfindsbirds,2021-03-11 10:45:40 UTC,2021-03-11 15:08:07 UTC,research,CC-BY-NC,https://www.inaturalist.org/observations/70992808,https://inaturalist-open-data.s3.amazonaws.com/photos/115508743/medium.jpg,,,IUCN: least concern (LC),2,0,False,,"Yio Chu Kang, Singapore",1.398922815,103.8841234491,31.0,,,,31.0,,open,False,,,Yellow-vented Bulbul,Pycnonotus goiavier,Yellow-vented Bulbul,Aves,14623
5,164,52640747,2020/05/30 3:10 PM +0800,2020-05-30,2020-05-30 07:10:00 UTC,Singapore,47594,kokhuitan,2020-07-11 03:11:32 UTC,2020-07-14 13:28:46 UTC,research,CC-BY-NC,https://www.inaturalist.org/observations/52640747,https://inaturalist-open-data.s3.amazonaws.com/photos/83693482/medium.jpg,,,,2,0,False,,"Sengkang, Singapore",1.3806169653,103.8965821434,398.0,,,,398.0,,open,False,,,Yellow-vented Bulbul,Pycnonotus goiavier,Yellow-vented Bulbul,Aves,14623
6,14,40063273,Mon Mar 16 2020 10:58:06 GMT+0800 (GMT+8),2020-03-16,2020-03-16 02:58:06 UTC,Australia/Perth,2551315,e0425472natasha20,2020-03-16 03:00:06 UTC,2020-03-22 01:44:41 UTC,research,CC-BY-NC,https://www.inaturalist.org/observations/40063273,https://inaturalist-open-data.s3.amazonaws.com/photos/63628795/medium.jpg,,,,3,0,False,3.0,"College Avenue East, Commonwealth, Singapore, SG",1.30654167,103.77332167,14.0,,,,14.0,,open,False,,,Yellow-vented Bulbul,Pycnonotus goiavier,Yellow-vented Bulbul,Aves,14623
7,193,54371149,Sat Jul 25 2020 18:36:41 GMT+0800 (GMT+8),2020-07-25,2020-07-25 10:36:41 UTC,Australia/Perth,3305113,stevenkoo,2020-07-26 08:57:34 UTC,2020-07-26 10:33:38 UTC,research,CC-BY-NC,https://www.inaturalist.org/observations/54371149,https://inaturalist-open-data.s3.amazonaws.com/photos/86513656/medium.jpg,,,,3,0,False,3.0,"Jalan Tenon, Hougang, Singapore, SG",1.35393833,103.88513,14.0,,,,14.0,,open,False,,,Yellow-vented Bulbul,Pycnonotus goiavier,Yellow-vented Bulbul,Aves,14623
8,1210,107304703,2022-02-21 14:39:55,2022-02-21,2022-02-21 06:39:55 UTC,Singapore,51342,big-simonchan,2022-02-23 09:04:16 UTC,2022-02-23 14:34:33 UTC,research,CC-BY-NC,https://www.inaturalist.org/observations/107304703,https://inaturalist-open-data.s3.amazonaws.com/photos/180447867/medium.jpeg,,,Level 4 twrB,2,0,False,2.0,Khoo Teck Puat Hospital,1.4247830449,103.8379970938,277.0,,,,277.0,,open,False,gps,gps,Yellow-vented Bulbul,Pycnonotus goiavier,Yellow-vented Bulbul,Aves,14623
9,637,80837061,2021-05-30 10:14:37,2021-05-30,2021-05-30 02:14:37 UTC,Singapore,4063353,gavin_n,2021-05-30 04:55:35 UTC,2021-12-26 05:24:45 UTC,research,CC0,https://www.inaturalist.org/observations/80837061,https://inaturalist-open-data.s3.amazonaws.com/photos/132530264/medium.jpeg,,,,2,0,False,2.0,"Tampines, Singapore",1.3488754997,103.9378963,,,,,,,open,False,gps,gps,Yellow-vented Bulbul,Pycnonotus goiavier,Yellow-vented Bulbul,Aves,14623
10,36,41505651,Mon Apr 06 2020 10:35:14 GMT+0800 (GMT+8),2020-04-06,2020-04-06 02:35:14 UTC,Australia/Perth,2718171,mikmullins,2020-04-06 02:36:48 UTC,2020-07-17 14:33:00 UTC,research,CC-BY-NC,https://www.inaturalist.org/observations/41505651,https://inaturalist-open-data.s3.amazonaws.com/photos/65848442/medium.jpg,,,,5,0,False,3.0,"Singapore Botanic Gardens, Holland Village, Singapore, SG",1.3094437282,103.8156374529,13.0,,,,13.0,,open,False,,,白眉黃臀鵯,Pycnonotus goiavier,Yellow-vented Bulbul,Aves,14623
11,1211,107304795,2022-02-21 14:41:25,2022-02-21,2022-02-21 06:41:25 UTC,Singapore,51342,big-simonchan,2022-02-23 09:08:06 UTC,2022-02-23 14:34:22 UTC,research,CC-BY-NC,https://www.inaturalist.org/observations/107304795,https://inaturalist-open-data.s3.amazonaws.com/photos/180448042/medium.jpeg,,,Level 4 twrB,1,0,False,2.0,Khoo Teck Puat Hospital,1.4247830449,103.8379970938,277.0,,,,277.0,,open,False,gps,gps,Yellow-vented Bulbul,Pycnonotus goiavier,Yellow-vented Bulbul,Aves,14623
12,517,73188340,2021-04-07 2:40:05 PM GMT+08:00,2021-04-07,2021-04-07 06:40:05 UTC,Perth,4063353,gavin_n,2021-04-07 11:02:32 UTC,2021-12-26 05:24:45 UTC,research,CC0,https://www.inaturalist.org/observations/73188340,https://static.inaturalist.org/photos/119459994/medium.jpeg,,,,2,0,False,2.0,"Unnamed Road, Lake Bridge, Singapore",1.3414997222,103.725,,,,,,,open,False,gps,gps,Yellow-vented Bulbul,Pycnonotus goiavier,Yellow-vented Bulbul,Aves,14623
13,369,67344854,Thu Dec 31 2020 10:15:15 GMT+0800 (GMT+8),2020-12-31,2020-12-31 02:15:15 UTC,Australia/Perth,3174592,tiark,2020-12-31 07:57:14 UTC,2020-12-31 13:47:48 UTC,research,CC-BY-NC,https://www.inaturalist.org/observations/67344854,https://inaturalist-open-data.s3.amazonaws.com/photos/108785228/medium.jpg,,,,2,0,False,3.0,"Taman Kembangan, Kembangan, Singapore, SG",1.3247354843,103.9147534914,22.0,,,,22.0,,open,False,,,Yellow-vented Bulbul,Pycnonotus goiavier,Yellow-vented Bulbul,Aves,14623
14,361,67076685,2020/12/26 7:57 AM +0800,2020-12-26,2020-12-25 23:57:00 UTC,Singapore,162339,sohkamyung,2020-12-26 07:55:48 UTC,2020-12-26 14:22:15 UTC,research,CC-BY-NC,https://www.inaturalist.org/observations/67076685,https://inaturalist-open-data.s3.amazonaws.com/photos/108281789/medium.jpeg,,,,2,0,False,,"Hougang, Singapore",1.3616889722,103.8889759722,,,,,,,open,False,,,Yellow-vented Bulbul,Pycnonotus goiavier,Yellow-vented Bulbul,Aves,14623
15,871,96215985,2021/09/26 8:15 AM +0800,2021-09-26,2021-09-26 00:15:00 UTC,Singapore,162339,sohkamyung,2021-09-26 12:32:08 UTC,2021-09-27 09:58:08 UTC,research,CC-BY-NC,https://www.inaturalist.org/observations/96215985,https://inaturalist-open-data.s3.amazonaws.com/photos/159816571/medium.jpeg,,,,2,0,False,,"Hougang, Singapore",1.36253,103.891114,,,,,,,open,False,,,Yellow-vented Bulbul,Pycnonotus goiavier,Yellow-vented Bulbul,Aves,14623
16,938,100032450,2021/11/02 8:20 AM +0800,2021-11-02,2021-11-02 00:20:00 UTC,Singapore,5132429,bladerunnersgp,2021-11-02 01:54:55 UTC,2021-11-02 12:55:44 UTC,research,CC-BY-NC,https://www.inaturalist.org/observations/100032450,https://inaturalist-open-data.s3.amazonaws.com/photos/166894849/medium.jpg,,,,2,0,False,,"Tampines, Singapore",1.3625994823,103.946186273,15.0,,,,15.0,,open,False,,,Yellow-vented Bulbul,Pycnonotus goiavier,Yellow-vented Bulbul,Aves,14623
17,558,75519711,2021-04-28 12:59:12 PM GMT+08:00,2021-04-28,2021-04-28 04:59:12 UTC,Perth,4063353,gavin_n,2021-04-28 07:18:00 UTC,2021-12-26 05:24:45 UTC,research,CC0,https://www.inaturalist.org/observations/75519711,https://inaturalist-open-data.s3.amazonaws.com/photos/123565983/medium.jpeg,,,,2,0,False,2.0,"Cinnamon South Learn Lobe, Singapore",1.3064055509,103.7731919065,13.0,,,,13.0,,open,False,gps,gps,Yellow-vented Bulbul,Pycnonotus goiavier,Yellow-vented Bulbul,Aves,14623
18,1064,103626708,2021-12-25 10:55:46,2021-12-25,2021-12-25 02:55:46 UTC,Singapore,3701862,kurade,2021-12-25 11:13:23 UTC,2021-12-26 08:04:49 UTC,research,CC-BY-NC,https://www.inaturalist.org/observations/103626708,https://inaturalist-open-data.s3.amazonaws.com/photos/173482270/medium.jpeg,,,,3,0,False,2.0,Sengkang Floating Wetland,1.3961396992,103.8849022239,202.0,,,,202.0,,open,False,gps,gps,Yellow-vented Bulbul,Pycnonotus goiavier,Yellow-vented Bulbul,Aves,14623
19,1020,102596340,2021-12-06 16:43:07,2021-12-06,2021-12-06 08:43:07 UTC,Singapore,51342,big-simonchan,2021-12-06 09:09:18 UTC,2021-12-06 09:10:29 UTC,research,CC-BY-NC,https://www.inaturalist.org/observations/102596340,https://inaturalist-open-data.s3.amazonaws.com/photos/171539971/medium.jpeg,,,Promenade,1,0,False,2.0,Khoo Teck Puat Hospital,1.4247830449,103.8379970938,277.0,,,,277.0,,open,False,gps,gps,Yellow-vented Bulbul,Pycnonotus goiavier,Yellow-vented Bulbul,Aves,14623
20,785,90743334,2021-08-10 13:49:03,2021-08-10,2021-08-10 05:49:03 UTC,Singapore,4385114,sanjana_,2021-08-11 05:21:45 UTC,2021-08-11 05:24:57 UTC,research,CC-BY-NC,https://www.inaturalist.org/observations/90743334,https://inaturalist-open-data.s3.amazonaws.com/photos/150004464/medium.jpeg,,,,1,0,False,2.0,Tampines Street 32,1.3530764903,103.9559412003,212.0,,,,212.0,,open,False,gps,gps,Yellow-vented Bulbul,Pycnonotus goiavier,Yellow-vented Bulbul,Aves,14623
21,898,97665253,2021-10-08 11:56:47,2021-10-08,2021-10-08 03:56:47 UTC,Singapore,51342,big-simonchan,2021-10-09 17:04:52 UTC,2021-10-14 09:00:03 UTC,research,CC-BY-NC,https://www.inaturalist.org/observations/97665253,https://inaturalist-open-data.s3.amazonaws.com/photos/162463164/medium.jpeg,,,Windsor,2,0,False,2.0,Windsor Nature Park,1.359809965,103.8266714662,213.0,,,,213.0,,open,False,gps,gps,Yellow-vented Bulbul,Pycnonotus goiavier,Yellow-vented Bulbul,Aves,14623
22,680,82955514,Sun Jun 13 2021 18:41:24 GMT+0800 (GMT+8),2021-06-13,2021-06-13 10:41:24 UTC,Perth,4385114,sanjana_,2021-06-14 03:49:38 UTC,2021-06-14 03:51:56 UTC,research,CC-BY-NC,https://www.inaturalist.org/observations/82955514,https://inaturalist-open-data.s3.amazonaws.com/photos/136200176/medium.jpg,,,,2,0,False,3.0,"Singapore Changi Airport, Changi, Singapore, SG",1.3575611643,103.9798643891,189.0,,,,189.0,,open,False,,,Yellow-vented Bulbul,Pycnonotus goiavier,Yellow-vented Bulbul,Aves,14623
23,907,98347491,2021/10/16 08:39 AM +0800,2021-10-16,2021-10-16 00:39:00 UTC,Singapore,4775769,verdantwinds,2021-10-16 04:15:52 UTC,2021-10-17 15:05:43 UTC,research,CC-BY-NC,https://www.inaturalist.org/observations/98347491,https://inaturalist-open-data.s3.amazonaws.com/photos/163719605/medium.jpeg,,,,3,0,False,,"Queenstown, Singapore",1.2858128852,103.7894857618,27.0,,,,27.0,,open,False,,,Yellow-vented Bulbul,Pycnonotus goiavier,Yellow-vented Bulbul,Aves,14623
24,360,67076439,Sat Dec 26 2020 10:49:35 GMT+0800 (GMT+8),2020-12-26,2020-12-26 02:49:35 UTC,Australia/Perth,3174489,noahartpradid,2020-12-26 07:40:52 UTC,2020-12-26 14:23:19 UTC,research,CC-BY-NC,https://www.inaturalist.org/observations/67076439,https://inaturalist-open-data.s3.amazonaws.com/photos/108281360/medium.jpg,,,,2,0,False,3.0,"Pulau Serangoon, Singapore, Singapore, SG",1.41486667,103.91716667,4.0,,,,4.0,,open,False,,,Yellow-vented Bulbul,Pycnonotus goiavier,Yellow-vented Bulbul,Aves,14623
25,562,75521761,2021-04-28 3:43:07 PM GMT+08:00,2021-04-28,2021-04-28 07:43:07 UTC,Perth,4063353,gavin_n,2021-04-28 08:22:59 UTC,2021-12-26 05:24:45 UTC,research,CC0,https://www.inaturalist.org/observations/75521761,https://inaturalist-open-data.s3.amazonaws.com/photos/123569991/medium.jpeg,,,,2,0,False,2.0,"Cinnamon South Learn Lobe, Singapore",1.3063961656,103.7731644139,6.0,,,,6.0,,open,False,gps,gps,Yellow-vented Bulbul,Pycnonotus goiavier,Yellow-vented Bulbul,Aves,14623
26,350,66640873,2020/12/06 12:48 PM +0800,2020-12-06,2020-12-06 04:48:00 UTC,Singapore,651850,patricialorenz,2020-12-16 04:14:25 UTC,2020-12-17 14:46:28 UTC,research,CC-BY-NC,https://www.inaturalist.org/observations/66640873,https://inaturalist-open-data.s3.amazonaws.com/photos/107475585/medium.jpeg,,,,2,0,False,,"Tampines Eco Green, Singapore",1.3638614064,103.9482714306,274.0,,,,274.0,,open,False,,,Yellow-vented Bulbul,Pycnonotus goiavier,Yellow-vented Bulbul,Aves,14623
27,1084,104266777,2022/01/03 9:44 AM +08,2022-01-03,2022-01-03 01:44:00 UTC,Singapore,162339,sohkamyung,2022-01-03 10:14:47 UTC,2022-01-03 12:18:02 UTC,research,CC-BY-NC,https://www.inaturalist.org/observations/104266777,https://inaturalist-open-data.s3.amazonaws.com/photos/174674935/medium.jpeg,,,,2,0,False,,"West, Singapore",1.351779,103.6924709722,,,,,,,open,False,,,Yellow-vented Bulbul,Pycnonotus goiavier,Yellow-vented Bulbul,Aves,14623
28,186,53932175,Wed Jul 22 2020 16:17:18 GMT+0800 (GMT+8),2020-07-22,2020-07-22 08:17:18 UTC,Australia/Perth,3305113,stevenkoo,2020-07-22 10:15:03 UTC,2020-07-22 12:14:50 UTC,research,CC-BY-NC,https://www.inaturalist.org/observations/53932175,https://inaturalist-open-data.s3.amazonaws.com/photos/85794237/medium.jpg,,,,3,0,False,3.0,"Jalan Pelikat Park Connector, Hougang, Singapore, SG",1.35421167,103.88658833,14.0,,,,14.0,,open,False,,,Yellow-vented Bulbul,Pycnonotus goiavier,Yellow-vented Bulbul,Aves,14623
29,1138,105767085,2022-01-29 08:37:57,2022-01-29,2022-01-29 00:37:57 UTC,Singapore,4050931,e0426187jessica22,2022-01-29 12:51:51 UTC,2022-02-07 10:53:32 UTC,research,CC-BY-NC,https://www.inaturalist.org/observations/105767085,https://inaturalist-open-data.s3.amazonaws.com/photos/177537794/medium.jpeg,,,"Small bird with brown wings, crown and tail, white face, breast and belly, black feet and a black stripe from its eye that extends to it's black beak. Characteristic yellow vent was observed through binos.",6,0,False,2.0,"Tanglin, Singapore",1.3207485,103.8165762997,,,,,,,open,False,gps,gps,Yellow-vented Bulbul,Pycnonotus goiavier,Yellow-vented Bulbul,Aves,14623
30,142,51552090,Wed Jul 01 2020 12:02:45 GMT+0800 (GMT+8),2020-07-01,2020-07-01 04:02:45 UTC,Australia/Perth,3174592,tiark,2020-07-01 05:09:16 UTC,2020-07-18 08:28:43 UTC,research,CC-BY-NC,https://www.inaturalist.org/observations/51552090,https://inaturalist-open-data.s3.amazonaws.com/photos/81914534/medium.jpg,,,,4,0,False,3.0,"Jalan Senyum, Kembangan, Singapore, SG",1.32464167,103.91486333,65.0,,,,65.0,,open,False,,,Yellow-vented Bulbul,Pycnonotus goiavier,Yellow-vented Bulbul,Aves,14623
31,323,65799926,2020/11/29 9:16 AM UTC,2020-11-29,2020-11-29 09:16:00 UTC,UTC,3734287,manojmcn,2020-11-29 06:26:50 UTC,2020-12-05 10:43:21 UTC,research,CC-BY-NC,https://www.inaturalist.org/observations/65799926,https://inaturalist-open-data.s3.amazonaws.com/photos/105968307/medium.jpg,,,,3,0,False,,"1 Cluny Rd, Singapore 259569",1.3138397,103.8159136,1526.0,,,,1526.0,,open,False,,,Yellow-vented Bulbul,Pycnonotus goiavier,Yellow-vented Bulbul,Aves,14623
32,266,62988428,2020-10-19 10:46:53 AM GMT+08:00,2020-10-19,2020-10-19 02:46:53 UTC,Singapore,51342,big-simonchan,2020-10-19 07:00:51 UTC,2020-10-21 13:35:12 UTC,research,CC-BY-NC,https://www.inaturalist.org/observations/62988428,https://inaturalist-open-data.s3.amazonaws.com/photos/101017835/medium.jpeg,,,Med gdn,4,0,False,2.0,Khoo Teck Puat Hospital,1.424614118,103.8382170349,270.0,,,,270.0,,open,False,gps,gps,Yellow-vented Bulbul,Pycnonotus goiavier,Yellow-vented Bulbul,Aves,14623
33,272,63372956,2020/10/22 4:05 PM +0800,2020-10-22,2020-10-22 08:05:00 UTC,Singapore,1810128,pseudomonasry,2020-10-24 07:21:39 UTC,2020-10-24 10:30:47 UTC,research,CC-BY-NC,https://www.inaturalist.org/observations/63372956,https://inaturalist-open-data.s3.amazonaws.com/photos/101694556/medium.jpeg,,,,2,0,False,,"Bishan, Singapore",1.3604495361,103.8225761783,488.0,,,,488.0,,open,False,,,Yellow-vented Bulbul,Pycnonotus goiavier,Yellow-vented Bulbul,Aves,14623
34,1190,106845756,2022-02-16 14:06:00,2022-02-16,2022-02-16 06:06:00 UTC,Singapore,51342,big-simonchan,2022-02-16 08:15:20 UTC,2022-02-16 12:48:13 UTC,research,CC-BY-NC,https://www.inaturalist.org/observations/106845756,https://inaturalist-open-data.s3.amazonaws.com/photos/179581215/medium.jpeg,,,Level 5 twrB,2,0,False,2.0,Khoo Teck Puat Hospital,1.4247830449,103.8379970938,277.0,,,,277.0,,open,False,gps,gps,Yellow-vented Bulbul,Pycnonotus goiavier,Yellow-vented Bulbul,Aves,14623
35,800,92328545,2021/07/21 12:34 PM +0800,2021-07-21,2021-07-21 04:34:00 UTC,Singapore,604276,catalinatong,2021-08-24 06:18:09 UTC,2021-08-24 15:13:42 UTC,research,CC-BY-NC,https://www.inaturalist.org/observations/92328545,https://inaturalist-open-data.s3.amazonaws.com/photos/152861327/medium.jpeg,,,,3,0,False,,Botanic gardens,1.3172076663,103.8170320807,72.0,,,,72.0,,open,False,,,Yellow-vented Bulbul,Pycnonotus goiavier,Yellow-vented Bulbul,Aves,14623
36,1167,106379151,Tue Feb 08 2022 11:01:56 GMT+0800 (GMT+8),2022-02-08,2022-02-08 03:01:56 UTC,Beijing,3174592,tiark,2022-02-08 14:51:00 UTC,2022-02-08 14:59:17 UTC,research,CC-BY-NC,https://www.inaturalist.org/observations/106379151,https://inaturalist-open-data.s3.amazonaws.com/photos/178690809/medium.jpg,,,,1,0,False,3.0,"Jalan Senyum, Kembangan, Singapore, SG",1.3246583333,103.9148416667,10.0,,,,10.0,,open,False,,,Yellow-vented Bulbul,Pycnonotus goiavier,Yellow-vented Bulbul,Aves,14623
37,1113,105026604,2022/01/16 1:52 PM UTC,2022-01-16,2022-01-16 13:52:00 UTC,UTC,4609202,gunwinger,2022-01-16 10:52:04 UTC,2022-01-16 15:22:14 UTC,research,CC-BY-NC,https://www.inaturalist.org/observations/105026604,https://inaturalist-open-data.s3.amazonaws.com/photos/176120932/medium.jpg,,,,2,0,False,,"Tanglin, Singapore",1.3222497174,103.8166324653,8.0,,,,8.0,,open,False,,,Yellow-vented Bulbul,Pycnonotus goiavier,Yellow-vented Bulbul,Aves,14623
38,644,80848567,Mon Apr 19 2021 15:35:37 GMT+0800 (GMT+8),2021-04-19,2021-04-19 07:35:37 UTC,Perth,4007747,phliew,2021-05-30 08:27:59 UTC,2021-05-30 15:17:20 UTC,research,CC-BY-NC,https://www.inaturalist.org/observations/80848567,https://inaturalist-open-data.s3.amazonaws.com/photos/132551561/medium.jpg,,,,2,0,False,3.0,"Hougang Primary School, Hougang, Singapore, SG",1.3774590724,103.8811009959,24.0,,,,24.0,,open,False,,,Yellow-vented Bulbul,Pycnonotus goiavier,Yellow-vented Bulbul,Aves,14623
39,848,94434259,2021/09/11 3:38 PM +0800,2021-09-11,2021-09-11 07:38:00 UTC,Singapore,162339,sohkamyung,2021-09-11 13:38:25 UTC,2021-09-11 14:13:35 UTC,research,CC-BY-NC,https://www.inaturalist.org/observations/94434259,https://inaturalist-open-data.s3.amazonaws.com/photos/156647946/medium.jpeg,,,,1,0,False,,"East, Singapore",1.377631,103.949612,,,,,,,open,False,,,Yellow-vented Bulbul,Pycnonotus goiavier,Yellow-vented Bulbul,Aves,14623
40,610,79613299,2021/05/02 4:15 PM +0800,2021-05-02,2021-05-02 08:15:00 UTC,Singapore,651850,patricialorenz,2021-05-21 06:45:49 UTC,2021-05-21 16:11:55 UTC,research,CC-BY-NC,https://www.inaturalist.org/observations/79613299,https://inaturalist-open-data.s3.amazonaws.com/photos/130417382/medium.jpeg,,,,2,0,False,,"Jurong Lake Gardens, Singapore",1.3362429186,103.7278048916,1099.0,,,,1099.0,,open,False,,,Yellow-vented Bulbul,Pycnonotus goiavier,Yellow-vented Bulbul,Aves,14623
41,758,88376551,2021-07-24 17:06:37,2021-07-24,2021-07-24 09:06:37 UTC,Singapore,4385114,sanjana_,2021-07-24 12:15:43 UTC,2021-07-24 13:51:55 UTC,research,CC-BY-NC,https://www.inaturalist.org/observations/88376551,https://inaturalist-open-data.s3.amazonaws.com/photos/145807905/medium.jpeg,,,,2,0,False,2.0,Singapore Botanic Gardens,1.3138722095,103.8159134611,1566.0,,,,1566.0,,open,False,gps,gps,Yellow-vented Bulbul,Pycnonotus goiavier,Yellow-vented Bulbul,Aves,14623
42,1132,105600590,2022-01-26 14:14:47,2022-01-26,2022-01-26 06:14:47 UTC,Singapore,51342,big-simonchan,2022-01-26 06:54:55 UTC,2022-01-27 14:29:45 UTC,research,CC-BY-NC,https://www.inaturalist.org/observations/105600590,https://inaturalist-open-data.s3.amazonaws.com/photos/177218462/medium.jpeg,,,Prefab,2,0,False,2.0,Khoo Teck Puat Hospital,1.4247830449,103.8379970938,277.0,,,,277.0,,open,False,gps,gps,Yellow-vented Bulbul,Pycnonotus goiavier,Yellow-vented Bulbul,Aves,14623
43,838,93838594,2021/09/06 10:55 AM UTC,2021-09-06,2021-09-06 10:55:00 UTC,UTC,4953186,keechow,2021-09-06 10:28:58 UTC,2021-09-07 14:56:55 UTC,research,CC-BY-NC,https://www.inaturalist.org/observations/93838594,https://inaturalist-open-data.s3.amazonaws.com/photos/155581924/medium.jpg,,,low buildings,2,0,False,,"20 Clementi Ave 1, Singapore 129957",1.3071072,103.7693914,282.0,,,,282.0,,open,False,,,Yellow-vented Bulbul,Pycnonotus goiavier,Yellow-vented Bulbul,Aves,14623
44,1219,107533855,2022-02-27 11:27:25,2022-02-27,2022-02-27 03:27:25 UTC,Singapore,4122978,whjc119,2022-02-27 05:20:44 UTC,2022-02-27 09:05:51 UTC,research,CC-BY-NC,https://www.inaturalist.org/observations/107533855,https://inaturalist-open-data.s3.amazonaws.com/photos/180879441/medium.jpeg,,,,3,0,False,2.0,"Woodlands, Singapore",1.436156089,103.7762539834,12.0,,,,12.0,,open,False,gps,gps,Yellow-vented Bulbul,Pycnonotus goiavier,Yellow-vented Bulbul,Aves,14623
45,780,90233973,Tue Aug 03 2021 17:32:31 GMT+0800 (GMT+8),2021-08-03,2021-08-03 09:32:31 UTC,Perth,4007747,phliew,2021-08-07 07:25:40 UTC,2021-08-08 02:31:27 UTC,research,CC-BY-NC,https://www.inaturalist.org/observations/90233973,https://inaturalist-open-data.s3.amazonaws.com/photos/149108682/medium.jpg,,,,2,0,False,3.0,"Hougang Primary School, Hougang, Singapore, SG",1.3774806773,103.8807816259,24.0,,,,24.0,,open,False,,,Yellow-vented Bulbul,Pycnonotus goiavier,Yellow-vented Bulbul,Aves,14623
46,70,45435412,2020-05-10 7:20:27 AM GMT+08:00,2020-05-10,2020-05-09 23:20:27 UTC,Singapore,44170,gancw1,2020-05-10 01:21:42 UTC,2020-05-28 13:43:10 UTC,research,CC-BY-NC,https://www.inaturalist.org/observations/45435412,https://inaturalist-open-data.s3.amazonaws.com/photos/72046241/medium.jpeg,,,,3,0,False,2.0,"Clementi, Singapore",1.2957790323,103.7677403167,25.0,,,,25.0,,open,False,gps,gps,Yellow-vented Bulbul,Pycnonotus goiavier,Yellow-vented Bulbul,Aves,14623
47,290,64419717,2020-11-08,2020-11-08,,Singapore,1810128,pseudomonasry,2020-11-08 06:31:43 UTC,2020-11-09 10:22:22 UTC,research,CC-BY-NC,https://www.inaturalist.org/observations/64419717,https://inaturalist-open-data.s3.amazonaws.com/photos/103565452/medium.jpeg,,,3 individuals sighted within the same vicinity,2,0,False,,"Clementi, Singapore",1.3229587815,103.7667926253,31.0,,,,31.0,,open,False,,,Yellow-vented Bulbul,Pycnonotus goiavier,Yellow-vented Bulbul,Aves,14623
48,474,71484296,2021-02-08 5:42:44 PM GMT+08:00,2021-02-08,2021-02-08 09:42:44 UTC,Australia/Perth,4063353,gavin_n,2021-03-18 13:31:47 UTC,2021-12-26 05:24:45 UTC,research,CC0,https://www.inaturalist.org/observations/71484296,https://static.inaturalist.org/photos/116393459/medium.jpeg,,,Spotted with a flock of yellow-vented bulbuls,1,0,False,2.0,"Queenstown, Singapore",1.3062067838,103.7725937739,37.0,,,,37.0,,open,False,gps,gps,Yellow-vented Bulbul,Pycnonotus goiavier,Yellow-vented Bulbul,Aves,14623
49,255,62299945,2020/10/11 10:41 AM UTC,2020-10-11,2020-10-11 10:41:00 UTC,UTC,3734287,manojmcn,2020-10-11 14:40:44 UTC,2020-10-13 13:53:43 UTC,research,CC-BY-NC,https://www.inaturalist.org/observations/62299945,https://inaturalist-open-data.s3.amazonaws.com/photos/99801166/medium.jpg,,,,5,0,False,,"2 Jurong Hill, Singapore 628925",1.3180714,103.7068176,223.0,,,,223.0,,open,False,,,Yellow-vented Bulbul,Pycnonotus goiavier,Yellow-vented Bulbul,Aves,14623
50,492,71940471,2021-03-24 4:20:56 PM GMT+08:00,2021-03-24,2021-03-24 08:20:56 UTC,Asia/Manila,4063353,gavin_n,2021-03-24 12:05:25 UTC,2021-12-26 05:24:45 UTC,research,CC0,https://www.inaturalist.org/observations/71940471,https://static.inaturalist.org/photos/117208232/medium.jpeg,,,"Soaked after the rain, spotted with another bulbul",1,0,False,2.0,"Cinnamon South Learn Lobe, Singapore",1.3065997222,103.7733,,,,,,,open,False,gps,gps,Yellow-vented Bulbul,Pycnonotus goiavier,Yellow-vented Bulbul,Aves,14623
51,594,78696110,2021-05-14 12:40:29,2021-05-14,2021-05-14 04:40:29 UTC,Singapore,4063353,gavin_n,2021-05-14 13:49:43 UTC,2021-12-26 05:24:45 UTC,research,CC0,https://www.inaturalist.org/observations/78696110,https://inaturalist-open-data.s3.amazonaws.com/photos/128821920/medium.jpeg,,,Juvenile,2,0,False,2.0,"Jurong East, Singapore",1.3366441059,103.7273864821,15.0,,,,15.0,,open,False,gps,gps,Yellow-vented Bulbul,Pycnonotus goiavier,Yellow-vented Bulbul,Aves,14623
52,581,77576984,Thu May 06 2021 16:59:36 GMT+0800 (GMT+8),2021-05-06,2021-05-06 08:59:36 UTC,Perth,3948217,e0310083terence21,2021-05-06 09:01:37 UTC,2021-05-07 04:20:49 UTC,research,CC-BY-NC,https://www.inaturalist.org/observations/77576984,https://inaturalist-open-data.s3.amazonaws.com/photos/126885307/medium.jpg,,,,3,0,False,3.0,"Jurong Lake Gardens, Singapore, Singapore, SG",1.3343083333,103.7284383333,,,,,,,open,False,,,Yellow-vented Bulbul,Pycnonotus goiavier,Yellow-vented Bulbul,Aves,14623
53,1046,103243443,2021/12/18 10:55 AM +0800,2021-12-18,2021-12-18 02:55:00 UTC,Singapore,4518882,fadzrun,2021-12-18 10:45:12 UTC,2021-12-18 14:38:47 UTC,research,CC-BY-NC,https://www.inaturalist.org/observations/103243443,https://inaturalist-open-data.s3.amazonaws.com/photos/172746608/medium.jpeg,,,,3,0,False,,"Southern Islands, Singapore",1.2584590116,103.8085750866,1.0,,,,1.0,,open,False,,,Yellow-vented Bulbul,Pycnonotus goiavier,Yellow-vented Bulbul,Aves,14623
54,1039,102924683,2021/12/12 9:48 AM +0800,2021-12-12,2021-12-12 01:48:00 UTC,Singapore,162339,sohkamyung,2021-12-12 12:55:31 UTC,2021-12-12 15:05:35 UTC,research,CC-BY-NC,https://www.inaturalist.org/observations/102924683,https://inaturalist-open-data.s3.amazonaws.com/photos/172145541/medium.jpeg,,,,2,0,False,,"Lim Chu Kang, Singapore",1.4194929722,103.720673,,,,,,,open,False,,,Yellow-vented Bulbul,Pycnonotus goiavier,Yellow-vented Bulbul,Aves,14623
55,975,101009183,2021/11/13 4:53 PM UTC,2021-11-13,2021-11-13 16:53:00 UTC,UTC,5187047,e0426084geraldene21,2021-11-13 15:45:20 UTC,2021-11-16 05:16:07 UTC,research,CC-BY-NC,https://www.inaturalist.org/observations/101009183,https://inaturalist-open-data.s3.amazonaws.com/photos/168641583/medium.png,,,"This adult Yellow-vented Bulbul has a slight black crest, with a white face and black streak across its eye. Its upperparts are olive brown, and has a black bill and feet. Its sex is indeterminate. This individual is seen resting on some water plants with two other bulbuls.",11,0,False,,"Marina South, Singapore",1.2811391443,103.8628169613,8.0,,,,8.0,,open,False,,,Yellow-vented Bulbul,Pycnonotus goiavier,Yellow-vented Bulbul,Aves,14623
56,649,80868131,Fri Mar 26 2021 17:26:06 GMT+0800 (GMT+8),2021-03-26,2021-03-26 09:26:06 UTC,Perth,4007747,phliew,2021-05-30 12:37:48 UTC,2021-05-30 15:08:31 UTC,research,CC-BY-NC,https://www.inaturalist.org/observations/80868131,https://inaturalist-open-data.s3.amazonaws.com/photos/132582880/medium.jpg,,,,2,0,False,3.0,"Hougang Primary School, Hougang, Singapore, SG",1.37782,103.8808366667,12.0,,,,12.0,,open,False,,,Yellow-vented Bulbul,Pycnonotus goiavier,Yellow-vented Bulbul,Aves,14623
57,1169,106466134,Thu Feb 10 2022 08:47:32 GMT+0800 (GMT+8),2022-02-10,2022-02-10 00:47:32 UTC,Beijing,5298193,e0199467aiden22,2022-02-10 00:54:19 UTC,2022-02-12 06:58:54 UTC,research,CC-BY-NC,https://www.inaturalist.org/observations/106466134,https://inaturalist-open-data.s3.amazonaws.com/photos/178852999/medium.jpg,,,"Crown is flat, white streak on its head with a slightly black crown and grey body. Yellow vent wasn’t visible ",2,0,False,3.0,"National University of Singapore, Pasir Panjang, Singapore, SG",1.3015333333,103.773895,5.0,,,,5.0,,open,False,,,Yellow-vented Bulbul,Pycnonotus goiavier,Yellow-vented Bulbul,Aves,14623
58,672,82276998,Wed Jun 09 2021 15:46:02 GMT+0800 (GMT+8),2021-06-09,2021-06-09 07:46:02 UTC,Perth,4007747,phliew,2021-06-09 11:49:21 UTC,2021-06-09 15:35:07 UTC,research,CC-BY-NC,https://www.inaturalist.org/observations/82276998,https://inaturalist-open-data.s3.amazonaws.com/photos/135025793/medium.jpg,,,,2,0,False,3.0,"Hougang Primary School, Hougang, Singapore, SG",1.3773116667,103.8814383333,19.0,,,,19.0,,open,False,,,Yellow-vented Bulbul,Pycnonotus goiavier,Yellow-vented Bulbul,Aves,14623
59,1160,106157536,2022/02/05 9:19 AM +0800,2022-02-05,2022-02-05 01:19:00 UTC,Singapore,162339,sohkamyung,2022-02-05 05:04:39 UTC,2022-02-05 05:11:41 UTC,research,CC-BY-NC,https://www.inaturalist.org/observations/106157536,https://inaturalist-open-data.s3.amazonaws.com/photos/178281126/medium.jpeg,,,,1,0,False,,"Pasir Ris, Singapore",1.377642,103.9495579722,,,,,,,open,False,,,Yellow-vented Bulbul,Pycnonotus goiavier,Yellow-vented Bulbul,Aves,14623
60,902,97757042,2021-10-10 16:25:35,2021-10-10,2021-10-10 08:25:35 UTC,Singapore,4385114,sanjana_,2021-10-10 12:04:03 UTC,2021-10-12 13:05:39 UTC,research,CC-BY-NC,https://www.inaturalist.org/observations/97757042,https://inaturalist-open-data.s3.amazonaws.com/photos/162633806/medium.jpeg,,,,2,0,False,2.0,Sungei Buloh Wetland Reserve,1.4480392038,103.7245443463,1951.0,,,,1951.0,,open,False,gps,gps,Yellow-vented Bulbul,Pycnonotus goiavier,Yellow-vented Bulbul,Aves,14623
61,156,52453584,Thu Jul 09 2020 15:32:04 GMT+0800 (GMT+8),2020-07-09,2020-07-09 07:32:04 UTC,Australia/Perth,3241942,olivialim,2020-07-09 10:33:50 UTC,2020-07-16 11:11:15 UTC,research,CC-BY-NC,https://www.inaturalist.org/observations/52453584,https://inaturalist-open-data.s3.amazonaws.com/photos/83385733/medium.jpg,,,Asking for food,2,0,False,3.0,"Simei Street 1, Simei, Singapore, SG",1.3438978503,103.9521866642,31.0,,,,31.0,,open,False,,,Yellow-vented Bulbul,Pycnonotus goiavier,Yellow-vented Bulbul,Aves,14623
62,553,75324762,2021/03/25 8:52 AM UTC,2021-03-25,2021-03-25 08:52:00 UTC,UTC,3947761,e0424873yingfeng21,2021-04-26 16:34:22 UTC,2021-05-07 04:07:18 UTC,research,CC-BY-NC,https://www.inaturalist.org/observations/75324762,https://inaturalist-open-data.s3.amazonaws.com/photos/123212257/medium.jpg,,,"Nape, wings and tail of bird brown, and head, neck and breast lighter greyish-brown. Black eye-band present. Length of tail is slightly less than the length of the body. Distinctive yellow vent.",6,0,False,,"Queenstown, Singapore",1.3063626943,103.778531792,20.0,,,,20.0,,open,False,,,Yellow-vented Bulbul,Pycnonotus goiavier,Yellow-vented Bulbul,Aves,14623
63,711,84913548,2021-06-28 10:37:44,2021-06-28,2021-06-28 02:37:44 UTC,Singapore,51342,big-simonchan,2021-06-28 23:39:21 UTC,2021-07-03 15:38:49 UTC,research,CC-BY-NC,https://www.inaturalist.org/observations/84913548,https://inaturalist-open-data.s3.amazonaws.com/photos/139623350/medium.jpeg,,,Med gdn,2,0,False,2.0,Khoo Teck Puat Hospital,1.4247830449,103.8379970938,277.0,,,,277.0,,open,False,gps,gps,Yellow-vented Bulbul,Pycnonotus goiavier,Yellow-vented Bulbul,Aves,14623
64,1104,104809460,Wed Jan 12 2022 18:28:16 GMT+0800 (GMT+8),2022-01-12,2022-01-12 10:28:16 UTC,Beijing,4007747,phliew,2022-01-12 13:02:00 UTC,2022-01-13 12:11:38 UTC,research,CC-BY-NC,https://www.inaturalist.org/observations/104809460,https://inaturalist-open-data.s3.amazonaws.com/photos/175704546/medium.jpg,,,,3,0,False,3.0,"Hougang Primary School, Hougang, Singapore, SG",1.37735,103.8814466667,4.0,,,,4.0,,open,False,,,Yellow-vented Bulbul,Pycnonotus goiavier,Yellow-vented Bulbul,Aves,14623
65,309,65320318,2020/11/15 2:01 PM +0800,2020-11-15,2020-11-15 06:01:00 UTC,Singapore,651850,patricialorenz,2020-11-21 08:09:37 UTC,2020-11-21 10:44:56 UTC,research,CC-BY-NC,https://www.inaturalist.org/observations/65320318,https://inaturalist-open-data.s3.amazonaws.com/photos/105113814/medium.jpeg,,,,4,0,False,,"Telok Blangah Hill Park, Singapore",1.2788234,103.8106681,464.0,,,,464.0,,open,False,,,Yellow-vented Bulbul,Pycnonotus goiavier,Yellow-vented Bulbul,Aves,14623
66,900,97741423,2021/09/26 9:27 AM +0800,2021-09-26,2021-09-26 01:27:00 UTC,Singapore,4775769,verdantwinds,2021-10-10 06:46:27 UTC,2021-10-14 08:47:00 UTC,research,CC-BY-NC,https://www.inaturalist.org/observations/97741423,https://inaturalist-open-data.s3.amazonaws.com/photos/162604346/medium.jpeg,,,,2,0,False,,"Bukit Timah, Singapore",1.3267007138,103.7850459835,16.0,,,,16.0,,open,False,,,Yellow-vented Bulbul,Pycnonotus goiavier,Yellow-vented Bulbul,Aves,14623
67,835,93686514,2021/08/27 7:28 AM UTC,2021-08-27,2021-08-27 07:28:00 UTC,UTC,4953186,keechow,2021-09-05 07:28:46 UTC,2021-09-07 15:19:13 UTC,research,CC-BY-NC,https://www.inaturalist.org/observations/93686514,https://inaturalist-open-data.s3.amazonaws.com/photos/155312406/medium.jpg,,,low buildings,2,0,False,,"20 Clementi Ave 1, Singapore 129957",1.3071072,103.7693914,282.0,,,,282.0,,open,False,,,Yellow-vented Bulbul,Pycnonotus goiavier,Yellow-vented Bulbul,Aves,14623
68,219,58488879,2020-09-04 11:27:24 AM GMT+08:00,2020-09-04,2020-09-04 03:27:24 UTC,Singapore,51342,big-simonchan,2020-09-04 08:02:05 UTC,2020-09-04 14:59:25 UTC,research,CC-BY-NC,https://www.inaturalist.org/observations/58488879,https://inaturalist-open-data.s3.amazonaws.com/photos/93385256/medium.jpeg,,,Med gdn,4,0,False,2.0,Khoo Teck Puat Hospital,1.424614118,103.8382170349,526.0,,,,526.0,,open,False,gps,gps,Yellow-vented Bulbul,Pycnonotus goiavier,Yellow-vented Bulbul,Aves,14623
69,1188,106786917,2022-02-12 15:58:29,2022-02-12,2022-02-12 07:58:29 UTC,Singapore,4063353,gavin_n,2022-02-15 07:52:20 UTC,2022-02-15 13:56:48 UTC,research,CC0,https://www.inaturalist.org/observations/106786917,https://inaturalist-open-data.s3.amazonaws.com/photos/179468000/medium.jpeg,,,,2,0,False,2.0,"Pasir Ris, Singapore",1.3787758118,103.9471428841,53.0,,,,53.0,,open,False,gps,gps,Yellow-vented Bulbul,Pycnonotus goiavier,Yellow-vented Bulbul,Aves,14623
70,415,69180307,2021/01/25 2:03 PM +0800,2021-01-25,2021-01-25 06:03:00 UTC,Singapore,651850,patricialorenz,2021-02-07 03:12:43 UTC,2021-02-08 15:23:04 UTC,research,CC-BY-NC,https://www.inaturalist.org/observations/69180307,https://inaturalist-open-data.s3.amazonaws.com/photos/112199005/medium.jpeg,,,,2,0,False,,"Yunnan Garden @ Nanyang Technological University, Singapore",1.3431152033,103.6847982862,109.0,,,,109.0,,open,False,,,Yellow-vented Bulbul,Pycnonotus goiavier,Yellow-vented Bulbul,Aves,14623
71,324,65799927,2020/11/29 9:17 AM UTC,2020-11-29,2020-11-29 09:17:00 UTC,UTC,3734287,manojmcn,2020-11-29 06:26:50 UTC,2020-12-05 10:43:20 UTC,research,CC-BY-NC,https://www.inaturalist.org/observations/65799927,https://inaturalist-open-data.s3.amazonaws.com/photos/105968322/medium.jpg,,,,3,0,False,,"1 Cluny Rd, Singapore 259569",1.3138397,103.8159136,1526.0,,,,1526.0,,open,False,,,Yellow-vented Bulbul,Pycnonotus goiavier,Yellow-vented Bulbul,Aves,14623
72,876,96666570,2021-07-05 14:50:49,2021-07-05,2021-07-05 06:50:49 UTC,Singapore,4063353,gavin_n,2021-09-30 08:51:52 UTC,2021-12-26 05:24:45 UTC,research,CC0,https://www.inaturalist.org/observations/96666570,https://inaturalist-open-data.s3.amazonaws.com/photos/160627743/medium.jpeg,,,,2,0,False,2.0,"Block ADM, Singapore 119260",1.2954746795,103.7725294009,19.0,,,,19.0,,open,False,gps,gps,Yellow-vented Bulbul,Pycnonotus goiavier,Yellow-vented Bulbul,Aves,14623
73,1209,107304677,2022-02-21 14:39:07,2022-02-21,2022-02-21 06:39:07 UTC,Singapore,51342,big-simonchan,2022-02-23 09:02:29 UTC,2022-02-23 14:34:35 UTC,research,CC-BY-NC,https://www.inaturalist.org/observations/107304677,https://inaturalist-open-data.s3.amazonaws.com/photos/180447742/medium.jpeg,,,Level 4 twrB,2,0,False,2.0,Khoo Teck Puat Hospital,1.4247830449,103.8379970938,277.0,,,,277.0,,open,False,gps,gps,Yellow-vented Bulbul,Pycnonotus goiavier,Yellow-vented Bulbul,Aves,14623
74,168,52775139,2020-07-12 9:53:25 AM GMT+08:00,2020-07-12,2020-07-12 01:53:25 UTC,Singapore,162339,sohkamyung,2020-07-12 08:19:47 UTC,2020-07-14 13:06:19 UTC,research,CC-BY-NC,https://www.inaturalist.org/observations/52775139,https://inaturalist-open-data.s3.amazonaws.com/photos/83915366/medium.jpeg,,,,5,0,False,2.0,"Pasir Ris, Singapore",1.378996,103.949875,,,,,,,open,False,gps,gps,Yellow-vented Bulbul,Pycnonotus goiavier,Yellow-vented Bulbul,Aves,14623
75,1089,104449040,2022-01-06 13:51:16,2022-01-06,2022-01-06 05:51:16 UTC,Singapore,51342,big-simonchan,2022-01-06 06:05:04 UTC,2022-01-06 12:11:03 UTC,research,CC-BY-NC,https://www.inaturalist.org/observations/104449040,https://inaturalist-open-data.s3.amazonaws.com/photos/175017916/medium.jpeg,,,Med gdn,3,0,False,2.0,Khoo Teck Puat Hospital,1.4247830449,103.8379970938,277.0,,,,277.0,,open,False,gps,gps,Yellow-vented Bulbul,Pycnonotus goiavier,Yellow-vented Bulbul,Aves,14623
76,922,99085233,2021/10/23 11:20 AM +0800,2021-10-23,2021-10-23 03:20:00 UTC,Singapore,44170,gancw1,2021-10-23 13:55:49 UTC,2021-10-24 12:39:10 UTC,research,CC0,https://www.inaturalist.org/observations/99085233,https://inaturalist-open-data.s3.amazonaws.com/photos/165105808/medium.jpg,,,,2,0,False,,"Telok Blangah Hill Park, Singapore",1.2791537667,103.80771235,,,,,,,open,False,,,Yellow-vented Bulbul,Pycnonotus goiavier,Yellow-vented Bulbul,Aves,14623
77,961,100913235,2021-11-12,2021-11-12,,UTC,5178686,e0425397noelle21,2021-11-12 07:59:34 UTC,2021-11-14 15:39:57 UTC,research,CC-BY-NC,https://www.inaturalist.org/observations/100913235,https://inaturalist-open-data.s3.amazonaws.com/photos/168478830/medium.jpeg,,,Indeterminate sex. This individual was identified by its black eye mask that stretches from its beak to the eyes. It has a white head with a brown crown. Its chest is white and has a brown back. Another distinctive feature is its bright yellow vents. ,12,0,False,2.0,"Seletar, Singapore",1.4093717634,103.8693326712,260.0,,,,260.0,,open,False,,,Yellow-vented Bulbul,Pycnonotus goiavier,Yellow-vented Bulbul,Aves,14623
78,1170,106485772,2022-02-10 08:44:40,2022-02-10,2022-02-10 00:44:40 UTC,Singapore,5295561,e0406234ishaan22,2022-02-10 10:37:08 UTC,2022-02-12 06:58:37 UTC,research,CC-BY-NC,https://www.inaturalist.org/observations/106485772,https://inaturalist-open-data.s3.amazonaws.com/photos/178888909/medium.jpeg,,,"This bird was spotted resting on a tree beside the NUS museum building. It was seen fluttering its wings occasionally, most likely to dry them as it was drizzling lightly. It had a predominantly brown body with a small black beak and black eye streak.  ",4,0,False,2.0,"Nus Museums, Singapore",1.3015102,103.7739301,,,,,,,open,False,gps,gps,Yellow-vented Bulbul,Pycnonotus goiavier,Yellow-vented Bulbul,Aves,14623
79,820,93246826,Thu Aug 19 2021 13:45:36 GMT+0800 (GMT+8),2021-08-19,2021-08-19 05:45:36 UTC,Beijing,4876189,ronn_,2021-09-01 12:20:15 UTC,2022-01-17 12:38:50 UTC,research,CC-BY-NC,https://www.inaturalist.org/observations/93246826,https://inaturalist-open-data.s3.amazonaws.com/photos/154520828/medium.jpg,,,Low buildings,3,0,False,3.0,"Ayer Rajah Expressway, Clementi, Singapore, SG",1.30641809,103.7689458033,24.0,,,,24.0,,open,False,,,Yellow-vented Bulbul,Pycnonotus goiavier,Yellow-vented Bulbul,Aves,14623
80,133,50973821,2020-06-26 12:08:48 PM GMT+08:00,2020-06-26,2020-06-26 04:08:48 UTC,Singapore,162339,sohkamyung,2020-06-26 11:03:05 UTC,2020-07-22 10:38:33 UTC,research,CC-BY-NC,https://www.inaturalist.org/observations/50973821,https://inaturalist-open-data.s3.amazonaws.com/photos/80968953/medium.jpeg,,,,4,0,False,2.0,"Hougang, Singapore",1.3620915458,103.8893976063,17.0,,,,17.0,,open,False,gps,gps,Yellow-vented Bulbul,Pycnonotus goiavier,Yellow-vented Bulbul,Aves,14623
81,471,71409128,Wed Mar 17 2021 13:30:05 GMT+0800 (GMT+8),2021-03-17,2021-03-17 05:30:05 UTC,Australia/Perth,3174592,tiark,2021-03-17 05:48:25 UTC,2021-03-17 15:38:05 UTC,research,CC-BY-NC,https://www.inaturalist.org/observations/71409128,https://inaturalist-open-data.s3.amazonaws.com/photos/116259599/medium.jpg,,,,2,0,False,3.0,"Taman Kembangan, Kembangan, Singapore, SG",1.3246216667,103.9148033333,14.0,,,,14.0,,open,False,,,Bulbul goiavier,Pycnonotus goiavier,Yellow-vented Bulbul,Aves,14623
82,237,60796604,2020/09/26 10:50 AM +0800,2020-09-26,2020-09-26 02:50:00 UTC,Singapore,1810128,pseudomonasry,2020-09-26 06:28:00 UTC,2020-09-26 09:54:14 UTC,research,CC-BY-NC,https://www.inaturalist.org/observations/60796604,https://inaturalist-open-data.s3.amazonaws.com/photos/97236042/medium.jpeg,,,,2,0,False,,"Bukit Panjang, Singapore",1.3564692573,103.7720472528,89.0,,,,89.0,,open,False,,,Yellow-vented Bulbul,Pycnonotus goiavier,Yellow-vented Bulbul,Aves,14623
83,753,88092658,2021-07-22 13:42:52,2021-07-22,2021-07-22 05:42:52 UTC,Singapore,4385114,sanjana_,2021-07-22 06:32:42 UTC,2021-07-24 11:51:19 UTC,research,CC-BY-NC,https://www.inaturalist.org/observations/88092658,https://inaturalist-open-data.s3.amazonaws.com/photos/145309049/medium.jpeg,,,,2,0,False,2.0,Dunman Secondary School,1.3610605276,103.9559257776,246.0,,,,246.0,,open,False,gps,gps,Yellow-vented Bulbul,Pycnonotus goiavier,Yellow-vented Bulbul,Aves,14623
84,880,96854237,2021-10-02 10:13:17,2021-10-02,2021-10-02 02:13:17 UTC,Singapore,4385114,sanjana_,2021-10-02 03:03:16 UTC,2021-10-04 09:00:04 UTC,research,CC-BY-NC,https://www.inaturalist.org/observations/96854237,https://inaturalist-open-data.s3.amazonaws.com/photos/160965675/medium.jpeg,,,,2,0,False,2.0,Tampines Eco Green,1.3637808594,103.9481855929,264.0,,,,264.0,,open,False,gps,gps,Yellow-vented Bulbul,Pycnonotus goiavier,Yellow-vented Bulbul,Aves,14623
85,101,48598869,Sun Mar 29 2020 12:10:45 GMT+0800 (GMT+8),2020-03-29,2020-03-29 04:10:45 UTC,Australia/Perth,3121672,kaustavr,2020-06-06 00:17:08 UTC,2020-07-30 11:05:23 UTC,research,CC-BY-NC,https://www.inaturalist.org/observations/48598869,https://inaturalist-open-data.s3.amazonaws.com/photos/77119765/medium.jpg,,,,4,0,False,3.0,"Bay East Garden, Singapore, Singapore, SG",1.2887783513,103.8694935568,900.0,,,,900.0,,open,False,,,Yellow-vented Bulbul,Pycnonotus goiavier,Yellow-vented Bulbul,Aves,14623
86,1183,106669834,2022/02/13 1:46 PM UTC,2022-02-13,2022-02-13 13:46:00 UTC,UTC,4609202,gunwinger,2022-02-13 11:13:34 UTC,2022-02-16 09:42:39 UTC,research,CC-BY-NC,https://www.inaturalist.org/observations/106669834,https://inaturalist-open-data.s3.amazonaws.com/photos/179241806/medium.jpg,,,,2,0,False,,"Clementi, Singapore",1.3213528727,103.7681743181,8.0,,,,8.0,,open,False,,,Yellow-vented Bulbul,Pycnonotus goiavier,Yellow-vented Bulbul,Aves,14623
87,1226,107682202,2022-02-20 10:02:12,2022-02-20,2022-02-20 02:02:12 UTC,Singapore,4063353,gavin_n,2022-03-01 05:01:31 UTC,2022-03-01 13:27:54 UTC,research,CC0,https://www.inaturalist.org/observations/107682202,https://inaturalist-open-data.s3.amazonaws.com/photos/181158023/medium.jpeg,,,,3,0,False,2.0,"Jurong East, Singapore",1.3337578271,103.7274340913,12.0,,,,12.0,,open,False,gps,gps,Yellow-vented Bulbul,Pycnonotus goiavier,Yellow-vented Bulbul,Aves,14623
88,21,40352295,2020/03/21 11:03 AM +0800,2020-03-21,2020-03-21 03:03:00 UTC,Singapore,162339,sohkamyung,2020-03-21 10:38:03 UTC,2020-03-21 14:14:16 UTC,research,CC-BY-NC,https://www.inaturalist.org/observations/40352295,https://inaturalist-open-data.s3.amazonaws.com/photos/64093717/medium.jpeg,,,,3,0,False,,"Lim Chu Kang, Singapore",1.41759,103.7241,,,,,,,open,False,,,Yellow-vented Bulbul,Pycnonotus goiavier,Yellow-vented Bulbul,Aves,14623
89,901,97756786,2021-10-10 16:15:10,2021-10-10,2021-10-10 08:15:10 UTC,Singapore,4385114,sanjana_,2021-10-10 12:01:05 UTC,2021-10-12 12:58:35 UTC,research,CC-BY-NC,https://www.inaturalist.org/observations/97756786,https://inaturalist-open-data.s3.amazonaws.com/photos/162633426/medium.jpeg,,,,2,0,False,2.0,Sungei Buloh Wetland Reserve,1.4480392038,103.7245443463,1949.0,,,,1949.0,,open,False,gps,gps,Yellow-vented Bulbul,Pycnonotus goiavier,Yellow-vented Bulbul,Aves,14623
90,495,72172764,Wed Mar 24 2021 15:02:05 GMT+0800 (GMT+8),2021-03-24,2021-03-24 07:02:05 UTC,Australia/Perth,3174592,tiark,2021-03-27 15:49:57 UTC,2021-03-28 01:26:18 UTC,research,CC-BY-NC,https://www.inaturalist.org/observations/72172764,https://inaturalist-open-data.s3.amazonaws.com/photos/117626447/medium.jpg,,,,2,0,False,3.0,"Taman Kembangan, Kembangan, Singapore, SG",1.3248517007,103.9148075542,22.0,,,,22.0,,open,False,,,Yellow-vented Bulbul,Pycnonotus goiavier,Yellow-vented Bulbul,Aves,14623
91,1165,106327880,2022/01/28 2:55 PM +0800,2022-01-28,2022-01-28 06:55:00 UTC,Singapore,5016305,zihanaw,2022-02-07 18:32:30 UTC,2022-02-08 09:49:45 UTC,research,CC-BY-NC,https://www.inaturalist.org/observations/106327880,https://inaturalist-open-data.s3.amazonaws.com/photos/178594984/medium.jpeg,,,,2,0,False,,"Tanglin, Singapore",1.3207865208,103.8160762325,195.0,,,,195.0,,open,False,,,Yellow-vented Bulbul,Pycnonotus goiavier,Yellow-vented Bulbul,Aves,14623
92,1058,103473850,2021/11/16 10:00 AM +0800,2021-11-16,2021-11-16 02:00:00 UTC,Singapore,5240371,moniquecordeiro,2021-12-22 15:26:55 UTC,2021-12-23 12:47:52 UTC,research,CC-BY-NC,https://www.inaturalist.org/observations/103473850,https://inaturalist-open-data.s3.amazonaws.com/photos/173187470/medium.jpg,,,,2,0,False,,"Choa Chu Kang New Town, Singapur",1.3851398753,103.7467665751,15.0,,,,15.0,,open,False,,,Yellow-vented Bulbul,Pycnonotus goiavier,Yellow-vented Bulbul,Aves,14623
93,941,100130984,Thu Oct 28 2021 12:14:17 GMT+0800 (GMT+8),2021-10-28,2021-10-28 04:14:17 UTC,Beijing,4007747,phliew,2021-11-03 08:22:36 UTC,2021-11-03 09:19:54 UTC,research,CC-BY-NC,https://www.inaturalist.org/observations/100130984,https://inaturalist-open-data.s3.amazonaws.com/photos/167080549/medium.jpg,,,,2,0,False,3.0,"Hougang Primary School, Hougang, Singapore, SG",1.3773633333,103.8813033333,65.0,,,,65.0,,open,False,,,Yellow-vented Bulbul,Pycnonotus goiavier,Yellow-vented Bulbul,Aves,14623
94,1212,107319175,2022-02-21 14:46:40,2022-02-21,2022-02-21 06:46:40 UTC,Singapore,51342,big-simonchan,2022-02-23 16:20:56 UTC,2022-02-24 09:44:08 UTC,research,CC-BY-NC,https://www.inaturalist.org/observations/107319175,https://inaturalist-open-data.s3.amazonaws.com/photos/180473739/medium.jpeg,,,Level 5 twrB,2,0,False,2.0,Khoo Teck Puat Hospital,1.4247830449,103.8379970938,277.0,,,,277.0,,open,False,gps,gps,Yellow-vented Bulbul,Pycnonotus goiavier,Yellow-vented Bulbul,Aves,14623
95,132,50973732,2020-06-26 9:59:18 AM GMT+08:00,2020-06-26,2020-06-26 01:59:18 UTC,Singapore,162339,sohkamyung,2020-06-26 11:00:43 UTC,2020-07-22 10:38:30 UTC,research,CC-BY-NC,https://www.inaturalist.org/observations/50973732,https://inaturalist-open-data.s3.amazonaws.com/photos/80968748/medium.jpeg,,,Observed feeding on papaya,3,0,False,2.0,"Hougang, Singapore",1.362163945,103.8893100992,17.0,,,,17.0,,open,False,gps,gps,Yellow-vented Bulbul,Pycnonotus goiavier,Yellow-vented Bulbul,Aves,14623
96,777,90010085,2021-08-05 18:06:39,2021-08-05,2021-08-05 10:06:39 UTC,Singapore,4385114,sanjana_,2021-08-05 10:09:36 UTC,2021-08-06 13:56:47 UTC,research,CC-BY-NC,https://www.inaturalist.org/observations/90010085,https://inaturalist-open-data.s3.amazonaws.com/photos/148704327/medium.jpeg,,,,2,0,False,2.0,"Tampines, Singapore",1.3529075582,103.9559489116,74.0,,,,74.0,,open,False,gps,gps,Yellow-vented Bulbul,Pycnonotus goiavier,Yellow-vented Bulbul,Aves,14623
97,823,93362733,2021/09/02 6:10 PM +0800,2021-09-02,2021-09-02 10:10:00 UTC,Singapore,4833518,patengpat,2021-09-02 14:18:24 UTC,2021-09-02 14:56:32 UTC,research,CC-BY-NC,https://www.inaturalist.org/observations/93362733,https://inaturalist-open-data.s3.amazonaws.com/photos/154730202/medium.jpeg,,,,1,0,False,,"1 Baker St, Singapore 799977",1.4093663,103.8693328,259.0,,,,259.0,,open,False,,,Yellow-vented Bulbul,Pycnonotus goiavier,Yellow-vented Bulbul,Aves,14623
98,367,67304904,2020/12/25 1:40 PM +0800,2020-12-25,2020-12-25 05:40:00 UTC,Singapore,651850,patricialorenz,2020-12-30 15:36:23 UTC,2020-12-30 16:26:10 UTC,research,CC-BY-NC,https://www.inaturalist.org/observations/67304904,https://inaturalist-open-data.s3.amazonaws.com/photos/108709707/medium.jpeg,,,,2,0,False,,"Tampines Eco Green, Singapore",1.3638614064,103.9482714306,274.0,,,,274.0,,open,False,,,Yellow-vented Bulbul,Pycnonotus goiavier,Yellow-vented Bulbul,Aves,14623
99,235,60790338,Sat Sep 26 2020 12:03:04 GMT+0800 (GMT+8),2020-09-26,2020-09-26 04:03:04 UTC,Australia/Perth,3174592,tiark,2020-09-26 04:10:28 UTC,2020-09-26 09:49:57 UTC,research,CC-BY-NC,https://www.inaturalist.org/observations/60790338,https://inaturalist-open-data.s3.amazonaws.com/photos/97225907/medium.jpg,,,,3,0,False,3.0,"Jalan Senyum, Kembangan, Singapore, SG",1.32471667,103.91487167,62.0,,,,62.0,,open,False,,,Yellow-vented Bulbul,Pycnonotus goiavier,Yellow-vented Bulbul,Aves,14623
100,93,47800009,Sat May 30 2020 08:45:37 GMT+0800 (GMT+8),2020-05-30,2020-05-30 00:45:37 UTC,Australia/Perth,3090204,gsaw,2020-05-30 02:08:27 UTC,2020-06-01 12:12:57 UTC,research,CC-BY-NC,https://www.inaturalist.org/observations/47800009,https://inaturalist-open-data.s3.amazonaws.com/photos/75823622/medium.jpg,,,,3,0,False,3.0,"Bedok South Road, Bedok, Singapore, SG",1.3197067222,103.9285652232,4796.0,,,,4796.0,,open,False,,,Yellow-vented Bulbul,Pycnonotus goiavier,Yellow-vented Bulbul,Aves,14623
101,1162,106231879,2022/02/06 8:57 AM +0800,2022-02-06,2022-02-06 00:57:00 UTC,Singapore,162339,sohkamyung,2022-02-06 09:57:14 UTC,2022-02-06 13:10:19 UTC,research,CC-BY-NC,https://www.inaturalist.org/observations/106231879,https://inaturalist-open-data.s3.amazonaws.com/photos/178421473/medium.jpeg,,,,2,0,False,,"Lim Chu Kang, Singapore",1.446101,103.728948,,,,,,,open,False,,,Yellow-vented Bulbul,Pycnonotus goiavier,Yellow-vented Bulbul,Aves,14623
102,681,82996038,Mon Jun 14 2021 08:38:06 GMT+0800 (GMT+8),2021-06-14,2021-06-14 00:38:06 UTC,Perth,4007747,phliew,2021-06-14 13:42:08 UTC,2021-06-14 13:48:42 UTC,research,CC-BY-NC,https://www.inaturalist.org/observations/82996038,https://inaturalist-open-data.s3.amazonaws.com/photos/136269429/medium.jpg,,,,1,0,False,3.0,"Hougang Primary School, Hougang, Singapore, SG",1.377418373,103.8810215137,24.0,,,,24.0,,open,False,,,Yellow-vented Bulbul,Pycnonotus goiavier,Yellow-vented Bulbul,Aves,14623
103,1109,104966306,Sat Jan 15 2022 16:23:25 GMT+0800 (GMT+8),2022-01-15,2022-01-15 08:23:25 UTC,Singapore,1688044,nickwilde6978,2022-01-15 12:03:39 UTC,2022-01-15 15:13:11 UTC,research,CC-BY-NC,https://www.inaturalist.org/observations/104966306,https://inaturalist-open-data.s3.amazonaws.com/photos/176004776/medium.jpg,,,,3,0,False,3.0,"Jurong Lake Gardens, Singapore, Singapore, SG",1.3325883333,103.7275616667,,,,,,,open,False,,,Yellow-vented Bulbul,Pycnonotus goiavier,Yellow-vented Bulbul,Aves,14623
104,23,40564680,2020-03-21 12:21:03 PM GMT+08:00,2020-03-21,2020-03-21 04:21:03 UTC,Australia/Perth,2527760,peezeo,2020-03-23 01:34:51 UTC,2020-03-23 14:16:45 UTC,research,CC-BY-NC,https://www.inaturalist.org/observations/40564680,https://inaturalist-open-data.s3.amazonaws.com/photos/64289241/medium.jpeg,,,,2,0,False,2.0,"Pasir Ris, Singapore",1.3794444444,103.9466666667,,,,,,,open,False,gps,gps,Yellow-vented Bulbul,Pycnonotus goiavier,Yellow-vented Bulbul,Aves,14623
105,878,96667672,2021-07-07 15:45:43,2021-07-07,2021-07-07 07:45:43 UTC,Singapore,4063353,gavin_n,2021-09-30 09:19:10 UTC,2021-12-26 05:24:45 UTC,research,CC0,https://www.inaturalist.org/observations/96667672,https://inaturalist-open-data.s3.amazonaws.com/photos/160629403/medium.jpeg,,,,2,0,False,2.0,"Marymount, Singapore",1.3608437,103.8489538997,,,,,,,open,False,gps,gps,Yellow-vented Bulbul,Pycnonotus goiavier,Yellow-vented Bulbul,Aves,14623
106,346,66459704,Sat Dec 12 2020 14:27:51 GMT+0800 (GMT+8),2020-12-12,2020-12-12 06:27:51 UTC,Australia/Perth,3843292,jamie_loke,2020-12-12 10:35:08 UTC,2020-12-12 14:36:27 UTC,research,CC-BY-NC,https://www.inaturalist.org/observations/66459704,https://inaturalist-open-data.s3.amazonaws.com/photos/107142575/medium.jpg,,,,2,0,False,3.0,"Diversity Trail, Tampines, Singapore, SG",1.36528,103.94957,8.0,,,,8.0,,open,False,,,Yellow-vented Bulbul,Pycnonotus goiavier,Yellow-vented Bulbul,Aves,14623
107,529,74039093,2020-08-17,2020-08-17,,Singapore,1803262,dunmansec,2021-04-15 13:33:09 UTC,2022-01-18 09:00:29 UTC,research,CC-BY-NC,https://www.inaturalist.org/observations/74039093,https://inaturalist-open-data.s3.amazonaws.com/photos/120962486/medium.jpeg,,,"There were a few yellow vented bulbul, ",3,0,False,,Dunman Secondary School,1.362048,103.956148,33.0,,,,33.0,,open,False,,,Yellow-vented Bulbul,Pycnonotus goiavier,Yellow-vented Bulbul,Aves,14623
108,98,48321883,Wed Jun 03 2020 16:17:01 GMT+0800 (GMT+8),2020-06-03,2020-06-03 08:17:01 UTC,Australia/Perth,2756214,grumpybuttinsky,2020-06-03 10:28:39 UTC,2020-07-31 07:40:02 UTC,research,CC-BY-NC,https://www.inaturalist.org/observations/48321883,https://inaturalist-open-data.s3.amazonaws.com/photos/76818268/medium.jpg,,,,4,0,False,3.0,"Commonwealth Drive, Queensway, Singapore, SG",1.30191333,103.79480833,12.0,,,,12.0,,open,False,,,Yellow-vented Bulbul,Pycnonotus goiavier,Yellow-vented Bulbul,Aves,14623
109,908,98356996,Fri Oct 15 2021 07:29:31 GMT+0800 (GMT+8),2021-10-15,2021-10-14 23:29:31 UTC,Beijing,4007747,phliew,2021-10-16 08:20:12 UTC,2021-10-16 16:05:20 UTC,research,CC-BY-NC,https://www.inaturalist.org/observations/98356996,https://inaturalist-open-data.s3.amazonaws.com/photos/163739770/medium.jpg,,,,2,0,False,3.0,"Hougang Primary School, Hougang, Singapore, SG",1.3774758692,103.8810288871,24.0,,,,24.0,,open,False,,,Yellow-vented Bulbul,Pycnonotus goiavier,Yellow-vented Bulbul,Aves,14623
110,1182,106667934,2022/01/29 1:14 PM UTC,2022-01-29,2022-01-29 13:14:00 UTC,UTC,5157507,ahndorea,2022-02-13 10:10:53 UTC,2022-02-16 13:21:26 UTC,research,CC-BY-NC,https://www.inaturalist.org/observations/106667934,https://inaturalist-open-data.s3.amazonaws.com/photos/179227725/medium.jpeg,,,,3,0,False,,"Lim Chu Kang, Singapore",1.4398479256,103.7358673491,36.0,,,,36.0,,open,False,,,Yellow-vented Bulbul,Pycnonotus goiavier,Yellow-vented Bulbul,Aves,14623
111,416,69188785,2021/02/07 6:22 AM UTC,2021-02-07,2021-02-07 06:22:00 UTC,UTC,3939000,e0421656yijin21,2021-02-07 06:29:36 UTC,2021-05-07 04:14:26 UTC,research,CC-BY-NC,https://www.inaturalist.org/observations/69188785,https://inaturalist-open-data.s3.amazonaws.com/photos/112214510/medium.jpg,,,"Environment: Residential estate, landed and eating off a papaya tree next to a house. Area is quiet with low human traffic.

Behaviour: Skittish but doesn't seem to be bothered when approached. Perched on the papaya tree and pecking on it to get fruit out. 

Description: Black mask around the eye area. A tuft of rufus brown feathers on the top of it's crown. White feathers on it's upper throat, with long rufus brown tail feathers. However the undertail coverts are a bright yellow.Cream coloured belly. ",11,0,False,,"Yio Chu Kang, Singapore",1.3747438965,103.8270742267,818.0,,,,818.0,,open,False,,,Yellow-vented Bulbul,Pycnonotus goiavier,Yellow-vented Bulbul,Aves,14623
112,860,95242057,2021/09/18 12:30 PM +0800,2021-09-18,2021-09-18 04:30:00 UTC,Singapore,3576569,kei_y,2021-09-18 08:54:29 UTC,2021-09-18 09:53:21 UTC,research,CC-BY-NC,https://www.inaturalist.org/observations/95242057,https://inaturalist-open-data.s3.amazonaws.com/photos/158091731/medium.jpg,,,,1,0,False,,"1384 Ang Mo Kio Ave 1, シンガポール",1.3634088,103.8435614,2467.0,,,,2467.0,,open,False,,,Yellow-vented Bulbul,Pycnonotus goiavier,Yellow-vented Bulbul,Aves,14623
113,282,63863535,Sat Oct 31 2020 07:45:51 GMT+0800 (GMT+8),2020-10-31,2020-10-30 23:45:51 UTC,Singapore,3701862,kurade,2020-10-31 04:13:05 UTC,2020-11-07 03:06:51 UTC,research,CC-BY-NC,https://www.inaturalist.org/observations/63863535,https://inaturalist-open-data.s3.amazonaws.com/photos/102571099/medium.jpg,,,,4,0,False,3.0,"Admiralty West Park Connector, Woodlands, Singapore, SG",1.4508522894,103.7799092296,75.0,,,,75.0,,open,False,,,Yellow-vented Bulbul,Pycnonotus goiavier,Yellow-vented Bulbul,Aves,14623
114,1108,104917624,2022-01-14 15:53:25,2022-01-14,2022-01-14 07:53:25 UTC,Singapore,4063353,gavin_n,2022-01-14 14:45:46 UTC,2022-01-15 07:12:57 UTC,research,CC0,https://www.inaturalist.org/observations/104917624,https://inaturalist-open-data.s3.amazonaws.com/photos/175913146/medium.jpeg,,,Yellow vent in 2nd photo,3,0,False,2.0,"Ctrl Lib, Singapore",1.2964604743,103.7734728679,49.0,,,,49.0,,open,False,gps,gps,Yellow-vented Bulbul,Pycnonotus goiavier,Yellow-vented Bulbul,Aves,14623
115,321,65623911,Thu Nov 26 2020 13:33:46 GMT+0800 (GMT+8),2020-11-26,2020-11-26 05:33:46 UTC,Australia/Perth,3174592,tiark,2020-11-26 05:45:32 UTC,2020-12-05 10:47:15 UTC,research,CC-BY-NC,https://www.inaturalist.org/observations/65623911,https://inaturalist-open-data.s3.amazonaws.com/photos/105655556/medium.jpg,,,,4,0,False,3.0,"Jalan Senyum, Kembangan, Singapore, SG",1.3245916667,103.9148033333,4.0,,,,4.0,,open,False,,,Yellow-vented Bulbul,Pycnonotus goiavier,Yellow-vented Bulbul,Aves,14623
116,124,50379588,Sun Jun 21 2020 14:49:30 GMT+0800 (GMT+8),2020-06-21,2020-06-21 06:49:30 UTC,Australia/Perth,3174592,tiark,2020-06-21 08:48:38 UTC,2020-07-22 10:45:53 UTC,research,CC-BY-NC,https://www.inaturalist.org/observations/50379588,https://inaturalist-open-data.s3.amazonaws.com/photos/79999101/medium.jpg,,,,5,0,False,3.0,"Taman Kembangan, Kembangan, Singapore, SG",1.3246301037,103.9147804066,22.0,,,,22.0,,open,False,,,Yellow-vented Bulbul,Pycnonotus goiavier,Yellow-vented Bulbul,Aves,14623
117,1166,106332369,2022/01/29 1:16 PM +0800,2022-01-29,2022-01-29 05:16:00 UTC,Singapore,5016305,zihanaw,2022-02-07 19:55:28 UTC,2022-02-08 09:49:49 UTC,research,CC-BY-NC,https://www.inaturalist.org/observations/106332369,https://inaturalist-open-data.s3.amazonaws.com/photos/178596283/medium.jpeg,,,,2,0,False,,"Lim Chu Kang, Singapore",1.4395248222,103.7342655068,16.0,,,,16.0,,open,False,,,Yellow-vented Bulbul,Pycnonotus goiavier,Yellow-vented Bulbul,Aves,14623
118,865,96054481,2021/09/25 11:58 AM +0800,2021-09-25,2021-09-25 03:58:00 UTC,Singapore,162339,sohkamyung,2021-09-25 07:34:32 UTC,2021-09-25 14:44:11 UTC,research,CC-BY-NC,https://www.inaturalist.org/observations/96054481,https://inaturalist-open-data.s3.amazonaws.com/photos/159533644/medium.jpeg,,,,3,0,False,,"Lim Chu Kang, Singapore",1.446163,103.7291139722,,,,,,,open,False,,,Yellow-vented Bulbul,Pycnonotus goiavier,Yellow-vented Bulbul,Aves,14623
119,709,84817596,2021-06-28 13:30:20,2021-06-28,2021-06-28 05:30:20 UTC,Singapore,51342,big-simonchan,2021-06-28 06:05:59 UTC,2021-06-28 06:06:51 UTC,research,CC-BY-NC,https://www.inaturalist.org/observations/84817596,https://inaturalist-open-data.s3.amazonaws.com/photos/139452842/medium.jpeg,,,Promenade,1,0,False,2.0,Khoo Teck Puat Hospital,1.4247830449,103.8379970938,277.0,,,,277.0,,open,False,gps,gps,Yellow-vented Bulbul,Pycnonotus goiavier,Yellow-vented Bulbul,Aves,14623
120,819,93244366,Wed Sep 01 2021 16:33:19 GMT+0800 (GMT+8),2021-09-01,2021-09-01 08:33:19 UTC,Beijing,4885172,rexchng,2021-09-01 11:41:04 UTC,2021-09-01 15:25:36 UTC,research,CC-BY-NC-ND,https://www.inaturalist.org/observations/93244366,https://static.inaturalist.org/photos/154516708/medium.jpg,,,Parks,2,0,False,3.0,"Ulu Pandan Park Connector, Jurong, Singapore, SG",1.325505,103.7510533333,3.0,,,,3.0,,open,False,,,Yellow-vented Bulbul,Pycnonotus goiavier,Yellow-vented Bulbul,Aves,14623
121,24,40577204,2020/03/23 8:47 AM +0800,2020-03-23,2020-03-23 00:47:00 UTC,Singapore,162339,sohkamyung,2020-03-23 08:57:22 UTC,2020-03-23 14:10:24 UTC,research,CC-BY-NC,https://www.inaturalist.org/observations/40577204,https://inaturalist-open-data.s3.amazonaws.com/photos/64310383/medium.jpeg,,,,4,0,False,,"Punggol, Singapore",1.403675,103.9288,,,,,,,open,False,,,Yellow-vented Bulbul,Pycnonotus goiavier,Yellow-vented Bulbul,Aves,14623
122,43,42938926,2020/04/23 5:50 PM SST,2020-04-23,2020-04-23 04:50:00 UTC,Samoa,2814630,aaryanb,2020-04-23 10:01:11 UTC,2020-05-04 00:47:24 UTC,research,CC-BY-NC,https://www.inaturalist.org/observations/42938926,https://inaturalist-open-data.s3.amazonaws.com/photos/68182907/medium.jpeg,,,,4,1,False,,"Bukit Batok, Singapore",1.3628027778,103.7655722222,65.0,,,,65.0,,open,False,,,Yellow-vented Bulbul,Pycnonotus goiavier,Yellow-vented Bulbul,Aves,14623
123,388,68202222,2021/01/17 8:10 AM +0800,2021-01-17,2021-01-17 00:10:00 UTC,Singapore,162339,sohkamyung,2021-01-17 08:03:16 UTC,2021-01-17 09:19:27 UTC,research,CC-BY-NC,https://www.inaturalist.org/observations/68202222,https://inaturalist-open-data.s3.amazonaws.com/photos/110373019/medium.jpeg,,,,1,0,False,,"Hougang, Singapore",1.3617109722,103.8911619722,,,,,,,open,False,,,Yellow-vented Bulbul,Pycnonotus goiavier,Yellow-vented Bulbul,Aves,14623
124,408,68842107,2021/01/31 9:41 AM +0800,2021-01-31,2021-01-31 01:41:00 UTC,Singapore,162339,sohkamyung,2021-01-31 03:34:36 UTC,2021-01-31 08:56:43 UTC,research,CC-BY-NC,https://www.inaturalist.org/observations/68842107,https://inaturalist-open-data.s3.amazonaws.com/photos/111570566/medium.jpeg,,,,2,0,False,,"Pasir Ris, Singapore",1.379221,103.94987,,,,,,,open,False,,,Yellow-vented Bulbul,Pycnonotus goiavier,Yellow-vented Bulbul,Aves,14623
125,1074,103940567,Thu Dec 30 2021 15:06:34 GMT +0800 (GMT+8),2021-12-30,2021-12-30 07:06:34 UTC,Singapore,4833639,amalinahyde,2021-12-30 07:08:29 UTC,2021-12-31 05:26:55 UTC,research,CC-BY-NC,https://www.inaturalist.org/observations/103940567,https://inaturalist-open-data.s3.amazonaws.com/photos/174224613/medium.jpg,,,,3,0,False,333.0,Singapore,1.3414227962,103.7239685059,8.0,,,,8.0,,open,False,,,Yellow-vented Bulbul,Pycnonotus goiavier,Yellow-vented Bulbul,Aves,14623
126,1059,103564137,Fri Dec 24 2021 12:04:03 GMT+0800 (GMT+8),2021-12-24,2021-12-24 04:04:03 UTC,Singapore,4460146,amakss99,2021-12-24 04:09:40 UTC,2021-12-24 05:48:00 UTC,research,CC-BY-NC,https://www.inaturalist.org/observations/103564137,https://inaturalist-open-data.s3.amazonaws.com/photos/173361195/medium.jpg,,,,2,0,False,3.0,"Dell Lane, Holland Village, Singapore, SG",1.3095133333,103.8145133333,4.0,,,,4.0,,open,False,,,Yellow-vented Bulbul,Pycnonotus goiavier,Yellow-vented Bulbul,Aves,14623
127,1062,103621480,2021/12/25 10:08 AM +0800,2021-12-25,2021-12-25 02:08:00 UTC,Singapore,987748,kangmin,2021-12-25 07:05:08 UTC,2021-12-26 02:03:31 UTC,research,CC-BY-NC,https://www.inaturalist.org/observations/103621480,https://inaturalist-open-data.s3.amazonaws.com/photos/173471929/medium.jpeg,,,,3,0,False,,"Jurong East, Singapore",1.3435911382,103.7226453424,51.0,,,,51.0,,open,False,,,Yellow-vented Bulbul,Pycnonotus goiavier,Yellow-vented Bulbul,Aves,14623
128,864,96038835,2021-09-24 12:01:23,2021-09-24,2021-09-24 04:01:23 UTC,Singapore,337286,hadoe,2021-09-25 02:52:44 UTC,2021-09-26 08:51:38 UTC,research,CC-BY-NC,https://www.inaturalist.org/observations/96038835,https://inaturalist-open-data.s3.amazonaws.com/photos/159506085/medium.jpeg,,,,2,0,False,2.0,470 Siglap Road,1.3176685456,103.9227485284,177.0,,,,177.0,,open,False,gps,gps,Yellow-vented Bulbul,Pycnonotus goiavier,Yellow-vented Bulbul,Aves,14623
129,654,80986036,2021/05/31 1:56 AM UTC,2021-05-31,2021-05-31 01:56:00 UTC,UTC,4945444,sadhikavikrambhat,2021-05-31 02:49:21 UTC,2021-05-31 08:15:07 UTC,research,CC-BY-NC,https://www.inaturalist.org/observations/80986036,https://inaturalist-open-data.s3.amazonaws.com/photos/132784759/medium.jpeg,,,,2,0,False,,Singapore,1.352083,103.819836,33607.0,,,,33607.0,,open,False,,,Yellow-vented Bulbul,Pycnonotus goiavier,Yellow-vented Bulbul,Aves,14623
130,668,81829958,2021/06/06 12:47 PM +0800,2021-06-06,2021-06-06 04:47:00 UTC,Singapore,162339,sohkamyung,2021-06-06 09:01:30 UTC,2021-06-07 14:21:54 UTC,research,CC-BY-NC,https://www.inaturalist.org/observations/81829958,https://inaturalist-open-data.s3.amazonaws.com/photos/134242232/medium.jpeg,,,,2,0,False,,"Central Water Catchment, Singapore",1.367763,103.7796749722,,,,,,,open,False,,,Yellow-vented Bulbul,Pycnonotus goiavier,Yellow-vented Bulbul,Aves,14623
131,565,76029987,Sat May 01 2021 09:22:29 GMT+0800 (GMT+8),2021-05-01,2021-05-01 01:22:29 UTC,Singapore,2638054,ruthchan,2021-05-01 03:41:40 UTC,2021-05-04 14:24:23 UTC,research,CC-BY-NC,https://www.inaturalist.org/observations/76029987,https://inaturalist-open-data.s3.amazonaws.com/photos/124401406/medium.jpg,,,,2,0,False,3.0,"Varsity Park, West Coast, Singapore, SG",1.2943202417,103.7671406142,28.0,,,,28.0,,open,False,,,Yellow-vented Bulbul,Pycnonotus goiavier,Yellow-vented Bulbul,Aves,14623
132,1139,105769029,2022-01-29 11:20:00,2022-01-29,2022-01-29 11:20:00 UTC,UTC,4050931,e0426187jessica22,2022-01-29 13:40:56 UTC,2022-02-07 10:55:45 UTC,research,CC-BY-NC,https://www.inaturalist.org/observations/105769029,https://inaturalist-open-data.s3.amazonaws.com/photos/177541864/medium.jpeg,,,"Small bird with short black beak and black feet. Belly and face is greyish white, with a distinctive yellow vent and brown crown, wings and tail. A black band connects its beak to its eyes.",6,0,False,2.0,,1.3769708031,103.9904256907,1567.0,,,,31447.0,obscured,open,True,gps,gps,Yellow-vented Bulbul,Pycnonotus goiavier,Yellow-vented Bulbul,Aves,14623
133,296,64598968,2020/11/10 4:21 PM +0800,2020-11-10,2020-11-10 08:21:00 UTC,Singapore,1810128,pseudomonasry,2020-11-10 14:27:37 UTC,2020-11-15 13:35:39 UTC,research,CC-BY-NC,https://www.inaturalist.org/observations/64598968,https://inaturalist-open-data.s3.amazonaws.com/photos/103876883/medium.jpeg,,,,2,0,False,,"Lim Chu Kang, Singapore",1.4401731076,103.7354850769,61.0,,,,61.0,,open,False,,,Yellow-vented Bulbul,Pycnonotus goiavier,Yellow-vented Bulbul,Aves,14623
134,1088,104401945,2022-01-01 17:50:30,2022-01-01,2022-01-01 09:50:30 UTC,Singapore,4826141,grass_0,2022-01-05 12:02:03 UTC,2022-01-05 13:16:24 UTC,research,CC-BY-NC,https://www.inaturalist.org/observations/104401945,https://inaturalist-open-data.s3.amazonaws.com/photos/174928770/medium.jpeg,,,,2,0,False,2.0,Sungei Buloh Wetland Reserve,1.4480392038,103.7245443463,1949.0,,,,1949.0,,open,False,gps,gps,Yellow-vented Bulbul,Pycnonotus goiavier,Yellow-vented Bulbul,Aves,14623
135,732,86554986,Sun Jul 11 2021 18:40:45 GMT+0800 (GMT+8),2021-07-11,2021-07-11 10:40:45 UTC,Perth,4385114,sanjana_,2021-07-11 13:34:20 UTC,2021-07-12 03:33:59 UTC,research,CC-BY-NC,https://www.inaturalist.org/observations/86554986,https://inaturalist-open-data.s3.amazonaws.com/photos/142608222/medium.jpg,,,,2,0,False,3.0,"Singapore Botanic Gardens, Holland Village, Singapore, SG",1.3217136763,103.8181942307,28.0,,,,28.0,,open,False,,,Yellow-vented Bulbul,Pycnonotus goiavier,Yellow-vented Bulbul,Aves,14623
136,54,44823815,2020-05-03 9:42:06 AM GMT+08:00,2020-05-03,2020-05-03 01:42:06 UTC,Singapore,44170,gancw1,2020-05-04 00:59:42 UTC,2020-05-06 13:51:35 UTC,research,CC-BY-NC,https://www.inaturalist.org/observations/44823815,https://inaturalist-open-data.s3.amazonaws.com/photos/71098625/medium.jpeg,,,,2,0,False,2.0,"Clementi, Singapore",1.2942391672,103.7681634352,105.0,,,,105.0,,open,False,gps,gps,Yellow-vented Bulbul,Pycnonotus goiavier,Yellow-vented Bulbul,Aves,14623
137,356,66815264,2020-12-20 8:13:19 AM GMT+08:00,2020-12-20,2020-12-20 00:13:19 UTC,Singapore,162339,sohkamyung,2020-12-20 07:58:26 UTC,2020-12-20 09:11:25 UTC,research,CC-BY-NC,https://www.inaturalist.org/observations/66815264,https://inaturalist-open-data.s3.amazonaws.com/photos/107798119/medium.jpeg,,,,2,0,False,2.0,"Hougang, Singapore",1.361747,103.8891629722,,,,,,,open,False,gps,gps,Yellow-vented Bulbul,Pycnonotus goiavier,Yellow-vented Bulbul,Aves,14623
138,962,100932650,2021/11/11 2:46 PM UTC,2021-11-11,2021-11-11 14:46:00 UTC,UTC,5187047,e0426084geraldene21,2021-11-12 15:47:32 UTC,2021-11-14 15:54:01 UTC,research,CC-BY-NC,https://www.inaturalist.org/observations/100932650,https://inaturalist-open-data.s3.amazonaws.com/photos/168510569/medium.png,,,"It has brown upperparts, with a white belly and throat.It also has a distinct thick black line between the bill and eye. The front edge of the slightly peaked crest is dark. This particular adult Yellow-vented bulbul was chirping in the trees. Its sex is indeterminate.",10,0,False,,"Queenstown, Singapore",1.3064683466,103.7717476698,15.0,,,,15.0,,open,False,,,Yellow-vented Bulbul,Pycnonotus goiavier,Yellow-vented Bulbul,Aves,14623
139,781,90245838,2021-08-07 16:54:45,2021-08-07,2021-08-07 08:54:45 UTC,Singapore,4385114,sanjana_,2021-08-07 11:40:30 UTC,2021-08-07 14:30:44 UTC,research,CC-BY-NC,https://www.inaturalist.org/observations/90245838,https://inaturalist-open-data.s3.amazonaws.com/photos/149130102/medium.jpeg,,,,2,0,False,2.0,Tampines Street 32,1.3526105864,103.9559059963,101.0,,,,101.0,,open,False,gps,gps,Yellow-vented Bulbul,Pycnonotus goiavier,Yellow-vented Bulbul,Aves,14623
140,197,54704860,Tue Jul 28 2020 15:47:20 GMT+0800 (GMT+8),2020-07-28,2020-07-28 07:47:20 UTC,Australia/Perth,3174592,tiark,2020-07-29 04:14:39 UTC,2020-07-30 09:46:23 UTC,research,CC-BY-NC,https://www.inaturalist.org/observations/54704860,https://inaturalist-open-data.s3.amazonaws.com/photos/87061472/medium.jpg,,,,5,0,False,3.0,"Jalan Senyum, Kembangan, Singapore, SG",1.3246732189,103.9148546521,22.0,,,,22.0,,open,False,,,Yellow-vented Bulbul,Pycnonotus goiavier,Yellow-vented Bulbul,Aves,14623
141,12,40013875,2020-03-14 12:41:59 PM GMT+08:00,2020-03-14,2020-03-14 04:41:59 UTC,Australia/Perth,2527760,peezeo,2020-03-15 08:00:24 UTC,2020-03-22 01:51:30 UTC,research,CC-BY-NC,https://www.inaturalist.org/observations/40013875,https://inaturalist-open-data.s3.amazonaws.com/photos/63544575/medium.jpeg,,,,3,0,False,2.0,新加坡东陵,1.315,103.8188888889,,,,,,,open,False,gps,gps,Yellow-vented Bulbul,Pycnonotus goiavier,Yellow-vented Bulbul,Aves,14623
142,104,48896916,2020-06-08 11:31:24 AM GMT+08:00,2020-06-08,2020-06-08 03:31:24 UTC,Singapore,162339,sohkamyung,2020-06-08 11:10:25 UTC,2020-07-27 09:45:50 UTC,research,CC-BY-NC,https://www.inaturalist.org/observations/48896916,https://inaturalist-open-data.s3.amazonaws.com/photos/77605977/medium.jpeg,,,,5,0,False,2.0,"Hougang, Singapore",1.3621532191,103.8892678544,8.0,,,,8.0,,open,False,gps,gps,Yellow-vented Bulbul,Pycnonotus goiavier,Yellow-vented Bulbul,Aves,14623
143,403,68759276,2021/01/29 5:55 PM UTC,2021-01-29,2021-01-29 17:55:00 UTC,UTC,3945400,e0324435tzemin21,2021-01-29 13:37:45 UTC,2021-02-28 14:18:36 UTC,research,CC-BY-NC,https://www.inaturalist.org/observations/68759276,https://inaturalist-open-data.s3.amazonaws.com/photos/111417470/medium.jpeg,https://static.inaturalist.org/sounds/161179.m4a?1611926969,,Yellow vent. Black lore and eyering. Brown primaries and tail feathers. White cheeks. Audio contains this bird's call (the first one you'll hear); please ignore the second irrelevant bird.,7,0,False,,"West, Singapore",1.3313839722,103.7256009722,,,,,,,open,False,,,Yellow-vented Bulbul,Pycnonotus goiavier,Yellow-vented Bulbul,Aves,14623
144,509,72607464,2021-04-01 5:59:22 PM GMT+08:00,2021-04-01,2021-04-01 09:59:22 UTC,Perth,4063353,gavin_n,2021-04-01 14:32:28 UTC,2021-12-26 05:24:45 UTC,research,CC0,https://www.inaturalist.org/observations/72607464,https://static.inaturalist.org/photos/118409458/medium.jpeg,,,,2,0,False,2.0,"Blk 85, Singapore",1.2881282997,103.7900589997,,,,,,,open,False,gps,gps,Yellow-vented Bulbul,Pycnonotus goiavier,Yellow-vented Bulbul,Aves,14623
145,722,85480874,2021-07-02,2021-07-02,,Singapore,1485251,wangap,2021-07-03 15:50:54 UTC,2021-07-03 16:07:48 UTC,research,CC-BY-NC,https://www.inaturalist.org/observations/85480874,https://inaturalist-open-data.s3.amazonaws.com/photos/140649168/medium.jpg,,,,1,0,False,,"North-East, SG",1.377539,103.880858,4.0,,,,4.0,,open,False,,,Yellow-vented Bulbul,Pycnonotus goiavier,Yellow-vented Bulbul,Aves,14623
146,839,93838595,2021/09/06 10:58 AM UTC,2021-09-06,2021-09-06 10:58:00 UTC,UTC,4953186,keechow,2021-09-06 10:28:59 UTC,2021-09-07 14:56:57 UTC,research,CC-BY-NC,https://www.inaturalist.org/observations/93838595,https://inaturalist-open-data.s3.amazonaws.com/photos/155581929/medium.jpg,,,low buildings,2,0,False,,"20 Clementi Ave 1, Singapore 129957",1.3071072,103.7693914,282.0,,,,282.0,,open,False,,,Yellow-vented Bulbul,Pycnonotus goiavier,Yellow-vented Bulbul,Aves,14623
147,443,70184844,2021-02-25 8:54:11 AM GMT+08:00,2021-02-25,2021-02-25 00:54:11 UTC,Singapore,162339,sohkamyung,2021-02-26 05:22:49 UTC,2021-02-26 14:16:05 UTC,research,CC-BY-NC,https://www.inaturalist.org/observations/70184844,https://inaturalist-open-data.s3.amazonaws.com/photos/114043701/medium.jpeg,,,,2,0,False,2.0,"Hougang, Singapore",1.3620704293,103.889391236,32.0,,,,32.0,,open,False,gps,gps,Yellow-vented Bulbul,Pycnonotus goiavier,Yellow-vented Bulbul,Aves,14623
148,791,91910470,Fri Aug 20 2021 18:00:28 GMT+0800 (GMT+8),2021-08-20,2021-08-20 10:00:28 UTC,Beijing,4007747,phliew,2021-08-20 23:59:14 UTC,2021-08-26 14:49:32 UTC,research,CC-BY-NC,https://www.inaturalist.org/observations/91910470,https://inaturalist-open-data.s3.amazonaws.com/photos/152101517/medium.jpg,,,,2,0,False,3.0,"Hougang Primary School, Hougang, Singapore, SG",1.3773166667,103.881395,10.0,,,,10.0,,open,False,,,Yellow-vented Bulbul,Pycnonotus goiavier,Yellow-vented Bulbul,Aves,14623
149,129,50871216,2020-06-25 8:32:25 AM GMT+08:00,2020-06-25,2020-06-25 00:32:25 UTC,Singapore,162339,sohkamyung,2020-06-25 11:19:36 UTC,2020-07-22 10:38:53 UTC,research,CC-BY-NC,https://www.inaturalist.org/observations/50871216,https://inaturalist-open-data.s3.amazonaws.com/photos/80800574/medium.jpeg,,,Spotted feeding on papaya,4,0,False,2.0,"Hougang, Singapore",1.3621515432,103.8893164694,17.0,,,,17.0,,open,False,gps,gps,Yellow-vented Bulbul,Pycnonotus goiavier,Yellow-vented Bulbul,Aves,14623
